Time,air_temp_10 ---> air_temp_9,air_temp_9 ---> air_temp_8,air_temp_8 ---> air_temp_7,air_temp_7 ---> air_temp_6,air_temp_6 ---> air_temp_5,air_temp_5 ---> air_temp_4,air_temp_4 ---> air_temp_3,air_temp_3 ---> air_temp_2
2020-11-20 00:00:16,1.991050314817525e-07,1.834869566080127e-07,5.617847544461717e-07,1.6617276795821324e-07,2.2644022087793166e-08,1.1028266237688943e-07,-4.01257845794089e-08,2.1303412547669126e-06
2020-11-20 01:00:16,1.9900758516721058e-07,1.9345144169489822e-07,1.91212843812943e-05,2.7846619425896893e-07,2.1332364497893056e-08,2.719898499845196e-08,-3.288113498061557e-08,4.915029932498696e-06
2020-11-20 02:00:16,1.9930504979522125e-07,2.0364988615795172e-07,-2.355206651427576e-06,3.957280889670535e-07,2.0422850758288338e-08,-3.647232576098683e-08,-2.5559985218996693e-08,-2.8391702738131642e-06
2020-11-20 03:00:16,1.9949512957329442e-07,2.1380175256033564e-07,-2.0334239547669364e-06,5.106440873369896e-07,1.9875701389246043e-08,-8.944613654963446e-08,-1.9176676613850272e-08,-7.026529569026163e-07
2020-11-20 04:00:16,1.9946771424453578e-07,2.237224706952559e-07,-2.151841294465146e-06,6.396463434776996e-07,1.9638173049057196e-08,-1.183278200916747e-07,-1.4456996633016782e-08,-3.1286429238567836e-07
2020-11-20 05:00:16,1.9965585061035072e-07,2.333408966006043e-07,-2.4697764906475458e-06,7.96974147625148e-07,1.9691941531686723e-08,-1.280486160181625e-07,-1.1335580799434807e-08,-1.7159185520410132e-07
2020-11-20 06:00:16,2.005693408079867e-07,2.428536083655544e-07,-3.081273768736184e-06,9.94252506275489e-07,1.9892586605288234e-08,-1.2309693689035165e-07,-9.459608750657117e-09,-1.0455322143494622e-07
2020-11-20 07:00:16,2.0156877970365832e-07,2.5238596408144584e-07,-4.0698662368145515e-06,1.262421784435973e-06,2.0265724715442996e-08,-1.1188694532872201e-07,-8.301644089494703e-09,-6.739040969823099e-08
2020-11-20 08:00:16,2.0295980989807407e-07,2.619498903674639e-07,-5.524920264667715e-06,1.6759472626844941e-06,2.074660951043378e-08,-8.914315043534747e-08,-7.660668609800706e-09,-4.2368589739046634e-08
2020-11-20 09:00:16,2.0493865146954627e-07,2.718537855254076e-07,-7.934203717393172e-06,2.383556018991336e-06,2.1234271441084652e-08,-6.370368730464542e-08,-7.379809178263312e-09,-2.4558183419838954e-08
2020-11-20 10:00:16,2.0799681225949276e-07,2.821185734227423e-07,-1.2276720362576897e-05,3.8726431756643e-06,2.1672545912113922e-08,-3.9450990698715106e-08,-7.373180997637712e-09,-1.163123599452859e-08
2020-11-20 11:00:16,2.1227544470905327e-07,2.935502268524203e-07,-1.8409452261943386e-05,9.21012546804596e-06,2.194027406265943e-08,-2.3118893645211385e-08,-7.56574645040402e-09,-2.9908079182233374e-09
2020-11-20 12:00:16,2.179288105246145e-07,3.0724030249783983e-07,-2.1392979140596718e-05,-3.5394320139146164e-05,2.201265169433531e-08,-1.5592172468525717e-08,-7.86193558766023e-09,8.147438222845949e-10
2020-11-20 13:00:16,2.241523514515946e-07,3.2374020765027913e-07,-1.8779160398684783e-05,-6.730966704091611e-06,2.1897667495571523e-08,-2.2004617033610775e-08,-8.203701187817048e-09,1.0606444965964472e-09
2020-11-20 14:00:16,2.300667160552816e-07,3.4671868020398226e-07,-1.6637227022343538e-05,-4.088989410061649e-06,2.1612377638310966e-08,-5.2902781318193664e-08,-8.513937566539625e-09,-2.359221878794817e-10
2020-11-20 15:00:16,2.3608254081958964e-07,3.7523654183961767e-07,-1.4969754540936852e-05,-3.1267892213119072e-06,2.1229707083921435e-08,-1.0104248487317154e-07,-8.68167752367693e-09,-1.9203446529951944e-09
2020-11-20 16:00:16,2.4256786300967773e-07,4.0707994102330745e-07,-1.5210587450391988e-05,-2.6847889704642623e-06,2.0851413814129527e-08,-1.6100472669221326e-07,-8.670364586446978e-09,-2.6215908732104648e-09
2020-11-20 17:00:16,2.48789972421528e-07,4.410550440073805e-07,-2.0733219311820796e-05,-2.4669875619169673e-06,2.0612313157735362e-08,-2.186090099321993e-07,-8.480011848049469e-09,-1.4400200944775617e-09
2020-11-20 18:00:16,2.5242027269493607e-07,4.7425820971651965e-07,-0.00010666065998576761,-2.380602764798583e-06,2.0627681329530027e-08,-2.4905017229113545e-07,-8.132042378344843e-09,2.0833881384906114e-09
2020-11-20 19:00:16,2.53463004180645e-07,5.030507937050137e-07,2.1247157836823393e-05,-2.3237890434461334e-06,2.0971115525408055e-08,-2.4946577574195094e-07,-7.741002251111566e-09,6.622624052815884e-09
2020-11-20 20:00:16,2.5325302108945596e-07,5.254025057877172e-07,8.856380344524013e-06,-2.2275563499341562e-06,2.1676623320966504e-08,-2.1800140610027214e-07,-7.390605028016036e-09,1.2187518836324168e-08
2020-11-20 21:00:16,2.5232043748751354e-07,5.421512794711952e-07,5.502982970442272e-06,-2.052617357308207e-06,2.272152280779331e-08,-1.6462053404874035e-07,-7.15057045927176e-09,1.7712521697721997e-08
2020-11-20 22:00:16,2.515164441305325e-07,5.539811140417262e-07,4.013639964564332e-06,-1.792210893006322e-06,2.4048814568302786e-08,-9.603033135141441e-08,-7.04476589920205e-09,2.3326380823007644e-08
2020-11-20 23:00:16,2.5075638733672935e-07,5.629157156521828e-07,3.193281550346968e-06,-1.4720032009989335e-06,2.559917758804623e-08,-1.9164734260684982e-08,-7.094550986570163e-09,2.8740848764700746e-08
2020-11-21 00:00:16,2.523684196752015e-07,5.688540958933396e-07,2.680820853135888e-06,-1.12947517521426e-06,2.7299249383465283e-08,6.270698721115919e-08,-7.2972574978383745e-09,3.379405447851768e-08
2020-11-21 01:00:16,2.519974447637608e-07,5.735659028502531e-07,2.327582655101976e-06,-7.993953060400673e-07,2.9075156563256135e-08,1.486323360589744e-07,-7.652526908712512e-09,3.887840519316758e-08
2020-11-21 02:00:16,2.5105766751007126e-07,5.770236851113081e-07,2.073972396341675e-06,-5.065479533356594e-07,3.088830021853004e-08,2.406036471675321e-07,-8.181315989911358e-09,4.347739494663849e-08
2020-11-21 03:00:16,2.5099686925902795e-07,5.812451515154481e-07,1.8838834909933843e-06,-2.677532913038061e-07,3.265287823010279e-08,3.29521279490985e-07,-8.836048327108154e-09,4.791449877734976e-08
2020-11-21 04:00:16,2.5036848020054133e-07,5.856103777849346e-07,1.7391667800602202e-06,-8.54652989468533e-08,3.4333922354154504e-08,4.134742800407903e-07,-9.610590799593586e-09,5.221830633254505e-08
2020-11-21 05:00:16,2.5000981415675527e-07,5.895992033447108e-07,1.619627975796876e-06,4.657185527819735e-08,3.5919228048560054e-08,4.943606064188558e-07,-1.0491894463140908e-08,5.619690115283953e-08
2020-11-21 06:00:16,2.5075743475852077e-07,5.943415733981832e-07,1.5195450987258544e-06,1.4162603925853564e-07,3.735537487427317e-08,5.740588519362922e-07,-1.1479559222399183e-08,5.961383916418321e-08
2020-11-21 07:00:16,2.5254687018999367e-07,6.021238158537306e-07,1.4370831878548215e-06,2.1185619649084928e-07,3.863720088680211e-08,6.406787424039706e-07,-1.2536798370979639e-08,6.248884663691594e-08
2020-11-21 08:00:16,2.550510539339867e-07,6.130056759653137e-07,1.3719152959032783e-06,2.639785729154202e-07,3.9770048360982936e-08,7.035021918298281e-07,-1.3606401888194388e-08,6.515794323271595e-08
2020-11-21 09:00:16,2.569263585629412e-07,6.261569455115238e-07,1.3226538349577157e-06,3.0343982559734063e-07,4.077551119962487e-08,7.565772498494836e-07,-1.4679998520730624e-08,6.74597058419969e-08
2020-11-21 10:00:16,2.5829580528978935e-07,6.390100394403128e-07,1.2856052163897896e-06,3.331052071114476e-07,4.1724938051466415e-08,7.993972230273068e-07,-1.572272686677439e-08,6.961767266245847e-08
2020-11-21 11:00:16,2.5909791681279793e-07,6.489196500130758e-07,1.2554400075528762e-06,3.5388841749403237e-07,4.271486358634261e-08,8.393548223462825e-07,-1.6739593482290626e-08,7.182798738096612e-08
2020-11-21 12:00:16,2.6058470199036207e-07,6.565206859658045e-07,1.22815104114516e-06,3.666094412548169e-07,4.38561990798173e-08,8.838729661951551e-07,-1.7761259129149872e-08,7.378802379663727e-08
2020-11-21 13:00:16,2.636687725566903e-07,6.658510044388692e-07,1.2048616534732856e-06,3.7470152892565325e-07,4.514142836451843e-08,9.330696478258031e-07,-1.87694487735515e-08,7.618331331997342e-08
2020-11-21 14:00:16,2.669326490307868e-07,6.788557277446613e-07,1.1903511576191066e-06,3.823294089235463e-07,4.661843694883531e-08,9.852888168990287e-07,-1.9770930137776116e-08,7.898434056568962e-08
2020-11-21 15:00:16,2.693628396669362e-07,6.925383603506075e-07,1.1827808885688756e-06,3.9114951880527994e-07,4.8437142349565426e-08,1.056587365540719e-06,-2.082789955742073e-08,8.27459595078662e-08
2020-11-21 16:00:16,2.7086730814924235e-07,7.059933051797136e-07,1.1777857221037027e-06,4.030084135114409e-07,5.073129612777528e-08,1.1355207080643458e-06,-2.2017206404930576e-08,8.770846917930242e-08
2020-11-21 17:00:16,2.7006073962328115e-07,7.166720516500353e-07,1.1763160240328468e-06,4.1653975090965514e-07,5.369896433348654e-08,1.2412217655165996e-06,-2.3508191769012953e-08,9.428861426207551e-08
2020-11-21 18:00:16,2.668460579591377e-07,7.192709804782005e-07,1.1719351906250213e-06,4.3007959128357334e-07,5.7517004893919714e-08,1.3984119325538794e-06,-2.5559230484689883e-08,1.0206451941364993e-07
2020-11-21 19:00:16,2.6224307033271726e-07,7.099770656924836e-07,1.1568191840989248e-06,4.4050641575136257e-07,6.233036747437672e-08,1.6112834792514015e-06,-2.8434197807530323e-08,1.1167649416062706e-07
2020-11-21 20:00:16,2.595754980748753e-07,6.93973980564576e-07,1.1277511955850492e-06,4.45367769211442e-07,6.825956515959709e-08,1.8951734679289953e-06,-3.2573619696872705e-08,1.227945655714148e-07
2020-11-21 21:00:16,2.599882440973269e-07,6.784332532823105e-07,1.0853144276962117e-06,4.4429973008514185e-07,7.499851333620695e-08,2.2476196795525024e-06,-3.853687925546205e-08,1.3499825846623093e-07
2020-11-21 22:00:16,2.604644411761956e-07,6.685120198180977e-07,1.0364427798157167e-06,4.377881312357952e-07,8.209804266103833e-08,2.666479214893254e-06,-4.663446161024054e-08,1.486147746009182e-07
2020-11-21 23:00:16,2.6098314350454975e-07,6.585771461436312e-07,9.857265241825293e-07,4.265842317674758e-07,8.934798136501552e-08,3.1264356551259785e-06,-5.7193125961178404e-08,1.6401628932768403e-07
2020-11-22 00:00:16,2.6232334516711996e-07,6.49519733256639e-07,9.351461318488672e-07,4.1227507110439056e-07,9.650068424264242e-08,3.6313641593148063e-06,-7.069541039169161e-08,1.8107033483480832e-07
2020-11-22 01:00:16,2.6353578660848375e-07,6.412098436733572e-07,8.890886572849689e-07,3.961906202194699e-07,1.0331038363532626e-07,4.159195239973673e-06,-8.753055216926636e-08,1.9966350161782792e-07
2020-11-22 02:00:16,2.6597643317658623e-07,6.339643436626142e-07,8.492228960992353e-07,3.7925399756180006e-07,1.0954248846873809e-07,4.691613142852755e-06,-1.0799624495406592e-07,2.190849719294336e-07
2020-11-22 03:00:16,2.690302926198822e-07,6.295612840302147e-07,8.175559960757001e-07,3.632380151275779e-07,1.1502185113143227e-07,5.204632550903725e-06,-1.3232616795462682e-07,2.396237211169445e-07
2020-11-22 04:00:16,2.729626767080085e-07,6.279016048690713e-07,7.959280755840858e-07,3.495411277600516e-07,1.196281434858739e-07,5.679688138165096e-06,-1.61227521692708e-07,2.604263826432692e-07
2020-11-22 05:00:16,2.769191601043107e-07,6.291262998485729e-07,7.840052583006537e-07,3.396744479852992e-07,1.233008856291533e-07,6.102236963372116e-06,-1.9543553155257478e-07,2.824845128203503e-07
2020-11-22 06:00:16,2.801703394199451e-07,6.302782422390663e-07,7.805072873853175e-07,3.344989887444562e-07,1.26389350616071e-07,6.415878949615936e-06,-2.3505013887297783e-07,3.0434147454044216e-07
2020-11-22 07:00:16,2.8313012469297697e-07,6.301872009631794e-07,7.834094442215776e-07,3.340246849845487e-07,1.2905997991490813e-07,6.741273992928564e-06,-2.8211059533973143e-07,3.2353179383929433e-07
2020-11-22 08:00:16,2.8510542662901807e-07,6.270614971854698e-07,7.883251336305078e-07,3.379961955231056e-07,1.3165876753945038e-07,7.01015689957994e-06,-3.383652070567551e-07,3.404298926239693e-07
2020-11-22 09:00:16,2.868179507802779e-07,6.208633542291227e-07,7.906212325584034e-07,3.4538970560722007e-07,1.3449992894553443e-07,7.273007662604238e-06,-4.0644630864384927e-07,3.5418349323438596e-07
2020-11-22 10:00:16,2.8922136507603827e-07,6.128561552532958e-07,7.888682453538813e-07,3.5480062981266504e-07,1.3792434355511134e-07,7.558397039271561e-06,-4.907678064133628e-07,3.6395242498126377e-07
2020-11-22 11:00:16,2.9154163295741576e-07,6.029548313107646e-07,7.83646709494648e-07,3.644242772661473e-07,1.420174099446019e-07,7.855755602479889e-06,-5.947588741872761e-07,3.696763326301977e-07
2020-11-22 12:00:16,2.9532156979820526e-07,5.916408080117699e-07,7.74750732680812e-07,3.729850140865048e-07,1.4691418576225445e-07,8.227314471325742e-06,-7.252398412719482e-07,3.7307411608921956e-07
2020-11-22 13:00:16,3.01152742114674e-07,5.819984188098944e-07,7.669123661988953e-07,3.7949870095138187e-07,1.525337096176013e-07,8.653904009013243e-06,-8.880079817825761e-07,3.728074725746291e-07
2020-11-22 14:00:16,3.090135564911151e-07,5.758632018009342e-07,7.611408064752536e-07,3.8346828994851725e-07,1.5900397030920867e-07,9.139662242590618e-06,-1.0932663090568963e-06,3.712165584449435e-07
2020-11-22 15:00:16,3.163462132115129e-07,5.741840308899916e-07,7.604789920778962e-07,3.861181214642576e-07,1.6629327194411822e-07,9.740895792049858e-06,-1.3589340376418362e-06,3.6965747420366773e-07
2020-11-22 16:00:16,3.2065080244791097e-07,5.728583148546732e-07,7.655659966448509e-07,3.8905888259529823e-07,1.7446818865372956e-07,1.0516991800279856e-05,-1.717694875295271e-06,3.687764973879042e-07
2020-11-22 17:00:16,3.225760154530292e-07,5.677107881856055e-07,7.714053018371682e-07,3.930487937107701e-07,1.8344112025985154e-07,1.1360568766832493e-05,-2.2144357855507735e-06,3.693396811947235e-07
2020-11-22 18:00:16,3.220338940168314e-07,5.579609311411835e-07,7.731740802003625e-07,3.966597561414665e-07,1.9315006036891028e-07,1.2312522675888837e-05,-2.9408665036084765e-06,3.7299878820076594e-07
2020-11-22 19:00:16,3.2138307580931046e-07,5.441467336871234e-07,7.687803452852119e-07,3.978257870849515e-07,2.0311015951804373e-07,1.340736276206059e-05,-4.136313215909873e-06,3.800798737090708e-07
2020-11-22 20:00:16,3.2418160980974994e-07,5.308092345083066e-07,7.593098762561745e-07,3.954309726786807e-07,2.1242795835126799e-07,1.4516692063145889e-05,-6.421161529923878e-06,3.9112649553498127e-07
2020-11-22 21:00:16,3.3027936336327717e-07,5.202524264986211e-07,7.486998219607007e-07,3.9041644140664927e-07,2.1990367415355735e-07,1.565840646098369e-05,-1.290727600164e-05,4.075271432259119e-07
2020-11-22 22:00:16,3.3923804993671624e-07,5.137587666931218e-07,7.403353580058587e-07,3.847889264828858e-07,2.2432207082830466e-07,1.663873325252543e-05,-0.00016729595659272978,4.2887943376247796e-07
2020-11-22 23:00:16,3.517764192681449e-07,5.119796918461297e-07,7.367603710678991e-07,3.7995458805377413e-07,2.2542712686425692e-07,1.7402032432708812e-05,1.6053923984017824e-05,4.573352910900632e-07
2020-11-23 00:00:16,3.6592999891146784e-07,5.151158762486774e-07,7.405940465266796e-07,3.7811172614582864e-07,2.2361965836143083e-07,1.788562113281529e-05,7.671288095598432e-06,4.90502468634431e-07
2020-11-23 01:00:16,3.7874838055985667e-07,5.203700168130626e-07,7.520647154589847e-07,3.803965401302064e-07,2.199936769349408e-07,1.813745378072419e-05,4.9823590479339505e-06,5.299347385916402e-07
2020-11-23 02:00:16,3.90528830519484e-07,5.257691624812144e-07,7.68415111033804e-07,3.8699344102685236e-07,2.1602727716065815e-07,1.816550425998858e-05,3.6275355580783417e-06,5.762612696006572e-07
2020-11-23 03:00:16,4.006004337274264e-07,5.304405829918711e-07,7.882539745649432e-07,3.9707206591718683e-07,2.1308725109782952e-07,1.8099114908459813e-05,2.7962017310584042e-06,6.31807091684237e-07
2020-11-23 04:00:16,4.0854384536640734e-07,5.337534086007933e-07,8.093038610763673e-07,4.095845296716575e-07,2.1222716928214238e-07,1.803570506942143e-05,2.225306225698992e-06,7.002309701830259e-07
2020-11-23 05:00:16,4.1352727301600583e-07,5.343279646032384e-07,8.296341057056022e-07,4.2375009248765935e-07,2.1400212973030784e-07,1.8066452195404737e-05,1.8175886921133138e-06,7.937106943462015e-07
2020-11-23 06:00:16,4.1544978351111237e-07,5.317491265659564e-07,8.468372787271371e-07,4.383688785722211e-07,2.1882927883261055e-07,1.8177769990013165e-05,1.5123424744785438e-06,9.362688146977539e-07
2020-11-23 07:00:16,4.156122322879508e-07,5.260796494000347e-07,8.590361619249172e-07,4.5177127812314303e-07,2.2637811832034592e-07,1.8718355318419543e-05,1.284680700953176e-06,1.164689840469818e-06
2020-11-23 08:00:16,4.151011734733088e-07,5.189907329284014e-07,8.655470984072141e-07,4.626832078291773e-07,2.3594592343465223e-07,1.9677189261105853e-05,1.1192333033086412e-06,1.6369303610373873e-06
2020-11-23 09:00:16,4.169707842161892e-07,5.120968027882631e-07,8.672583494043181e-07,4.7055012568793254e-07,2.458787908458234e-07,2.15459938198724e-05,9.992639785957074e-07,2.9447261991039087e-06
2020-11-23 10:00:16,4.1932521232386806e-07,5.064140213768642e-07,8.662535923700376e-07,4.759442758267515e-07,2.546661326321021e-07,2.368376588554936e-05,9.221765258231666e-07,2.4370815267848445e-05
2020-11-23 11:00:16,4.195292007137001e-07,5.011405941366482e-07,8.643803119290738e-07,4.790866454371926e-07,2.615534487544515e-07,2.5313041921629965e-05,8.837997883282053e-07,-3.1388172183844504e-06
2020-11-23 12:00:16,4.187018813872858e-07,4.961513984004833e-07,8.615252996205342e-07,4.80821668984094e-07,2.6674368148998064e-07,2.6724820339224925e-05,8.677327664146713e-07,-1.3733504630525724e-06
2020-11-23 13:00:16,4.194070924976598e-07,4.921189008216861e-07,8.583782867300639e-07,4.819376375661406e-07,2.7004403490606667e-07,2.7933465123027467e-05,8.622231907462263e-07,-8.650752548058603e-07
2020-11-23 14:00:16,4.1991606154727246e-07,4.897943659078147e-07,8.564812780672903e-07,4.84007267959332e-07,2.7147280799275893e-07,2.8902876724201957e-05,8.580768794943381e-07,-6.315592664535324e-07
2020-11-23 15:00:16,4.1620864534163263e-07,4.881504589616357e-07,8.573968222931714e-07,4.860307199599199e-07,2.7180676567102116e-07,2.99458384507707e-05,8.458469649017994e-07,-5.08063298010317e-07
2020-11-23 16:00:16,4.07079029435463e-07,4.852335495233913e-07,8.600480458496188e-07,4.882928163861987e-07,2.719700166011602e-07,3.104527437437645e-05,8.217189650226711e-07,-4.3293931071159047e-07
2020-11-23 17:00:16,3.957211958056256e-07,4.805855862028505e-07,8.612335685473779e-07,4.903102897834391e-07,2.7256564558602683e-07,3.212153850449189e-05,7.929693024602284e-07,-3.842430328675934e-07
2020-11-23 18:00:16,3.8464674539822893e-07,4.7553027853094103e-07,8.589547916375066e-07,4.912393372730368e-07,2.736373204125357e-07,3.322249298315642e-05,7.67948294362069e-07,-3.5004878396511815e-07
2020-11-23 19:00:16,3.757041096573875e-07,4.715704679944432e-07,8.550304636875018e-07,4.913269293235138e-07,2.754820140033682e-07,3.4479172941506405e-05,7.465939778261059e-07,-3.2656870630046875e-07
2020-11-23 20:00:16,3.6805533144228707e-07,4.692687838357483e-07,8.513316878613713e-07,4.909404719554098e-07,2.7734803653159915e-07,3.581486756324902e-05,7.295040843184394e-07,-3.1315292362714964e-07
2020-11-23 21:00:16,3.6239289816720323e-07,4.697800869860213e-07,8.499755797020269e-07,4.91089330041004e-07,2.790953119052429e-07,3.715049901492229e-05,7.162718808974766e-07,-3.072416611846597e-07
2020-11-23 22:00:16,3.5677737218784024e-07,4.725937585277599e-07,8.528687177060198e-07,4.931999398406479e-07,2.811990109036756e-07,3.8413414936307725e-05,7.049381081151468e-07,-3.0762074451702245e-07
2020-11-23 23:00:16,3.483032647470404e-07,4.7658865881340416e-07,8.607581847959675e-07,4.978317880341663e-07,2.840850932728027e-07,3.997857828434865e-05,6.991424753402981e-07,-3.149800600661921e-07
2020-11-24 00:00:16,3.374454173969243e-07,4.805302712656698e-07,8.714444674341746e-07,5.053749745936021e-07,2.8825805737181555e-07,4.185570887875717e-05,6.974274170853969e-07,-3.2843785193796827e-07
2020-11-24 01:00:16,3.238815188041075e-07,4.839683476709944e-07,8.821812765470846e-07,5.153661513372798e-07,2.9399953668288524e-07,4.437580713006818e-05,7.017637582072645e-07,-3.45950285127529e-07
2020-11-24 02:00:16,3.086926257464081e-07,4.86250267528144e-07,8.92315531052396e-07,5.257053745018826e-07,3.0147517930620734e-07,4.7516966950144605e-05,7.13896126105585e-07,-3.702490606034971e-07
2020-11-24 03:00:16,2.938784703319099e-07,4.874022845649646e-07,9.00277303786112e-07,5.348753866637457e-07,3.102040283281035e-07,5.1508947267907196e-05,7.326463075217107e-07,-4.010823076926867e-07
2020-11-24 04:00:16,2.7981956187508855e-07,4.875527800135027e-07,9.038614874870888e-07,5.429854915363221e-07,3.1981695764819227e-07,5.543360494546867e-05,7.566546984437155e-07,-4.3469740107227186e-07
2020-11-24 05:00:16,2.670703831426838e-07,4.87329839636062e-07,9.03374411987763e-07,5.488647990716913e-07,3.288517715959137e-07,5.9992016507710296e-05,7.827580326368803e-07,-4.733619403180389e-07
2020-11-24 06:00:16,2.5298538558915253e-07,4.869782978976379e-07,9.0027379522288e-07,5.53136168861068e-07,3.3718340139281974e-07,6.486229644844113e-05,8.139657912106667e-07,-5.17135846297169e-07
2020-11-24 07:00:16,2.412925464304504e-07,4.860388584398623e-07,8.953946657485511e-07,5.548985188313034e-07,3.4371105298628834e-07,7.017385951810649e-05,8.406061527719073e-07,-5.762143161619819e-07
2020-11-24 08:00:16,2.3067667938736907e-07,4.85307898487028e-07,8.889492449377478e-07,5.543192949106226e-07,3.484102418868183e-07,7.493469614358361e-05,8.650891477381513e-07,-6.439164734989524e-07
2020-11-24 09:00:16,2.2114804306765886e-07,4.84443103565691e-07,8.808327054324924e-07,5.516781595498761e-07,3.510019741832159e-07,7.95091390730891e-05,8.833670477582068e-07,-7.20768422590957e-07
2020-11-24 10:00:16,2.12434232536416e-07,4.843682705564757e-07,8.723688684598062e-07,5.476581883817372e-07,3.515096041362523e-07,8.336922736570529e-05,8.970438896212784e-07,-8.080633906851081e-07
2020-11-24 11:00:16,2.0410891053184776e-07,4.851389626402503e-07,8.654641950320666e-07,5.431117150253075e-07,3.503576694653467e-07,8.668993184506926e-05,9.050931115118304e-07,-9.089228181903707e-07
2020-11-24 12:00:16,1.9612637772185467e-07,4.860989411147219e-07,8.590074200421506e-07,5.39034850982666e-07,3.4826645132987224e-07,8.893177575178546e-05,9.089299598448215e-07,-1.0165804605200196e-06
2020-11-24 13:00:16,1.8796968147340692e-07,4.871979131125119e-07,8.53345177224223e-07,5.356213490740175e-07,3.456283507314344e-07,9.078871719747929e-05,9.092629843769984e-07,-1.1363875365305206e-06
2020-11-24 14:00:16,-2.9668755439498857e-10,4.878053146140252e-07,8.481679719087412e-07,5.327033824961292e-07,3.42667567034555e-07,9.234856714047089e-05,9.074489766995634e-07,-1.2894654742793284e-06
2020-11-24 15:00:16,-2.9743880878692907e-10,4.879785789088793e-07,8.423076172461776e-07,5.297015904274572e-07,3.3955053546461105e-07,9.387278152879163e-05,9.027504561448345e-07,-1.488146225588474e-06
2020-11-24 16:00:16,-2.9855862282807696e-10,4.877501071769883e-07,8.361093221734664e-07,5.255445574512329e-07,3.365382293811456e-07,9.581266367398606e-05,8.954327958965295e-07,-1.7555286059695813e-06
2020-11-24 17:00:16,-3.015365108202931e-10,4.865140096386368e-07,8.288480530307449e-07,5.205233731266865e-07,3.3331597555970643e-07,9.831325748148633e-05,8.879708516164251e-07,-2.12756670624474e-06
2020-11-24 18:00:16,-3.051388762879768e-10,4.856802493780196e-07,8.206095950003176e-07,5.142428747373634e-07,3.3000577098525547e-07,9.899734288267175e-05,8.813339198968365e-07,-2.630219234621065e-06
2020-11-24 19:00:16,-3.081181012066041e-10,4.865383794548598e-07,8.139181458158785e-07,5.078401982299873e-07,3.2625861873885776e-07,0.00010053923949007531,8.759600957265221e-07,-3.4044619943387257e-06
2020-11-24 20:00:16,-3.1047247779350497e-10,4.884921056287736e-07,8.093486576439297e-07,5.022347139507688e-07,3.216000145359937e-07,0.00010155563030793882,8.678066760256812e-07,-4.7639051337731074e-06
2020-11-24 21:00:16,-3.1186370028137276e-10,4.909585666228762e-07,8.057347513640063e-07,4.97980429983074e-07,3.164963450013367e-07,0.00010166656145906309,8.567152461651188e-07,-7.787616434382719e-06
2020-11-24 22:00:16,-3.129849524764725e-10,4.942291721393086e-07,8.035523021884748e-07,4.948356595420984e-07,3.1145304271379744e-07,0.0001017151167891897,8.452534882434556e-07,-1.9511994663268447e-05
2020-11-24 23:00:16,-3.140501390330431e-10,4.975017142221389e-07,8.021763913746922e-07,4.928551900693036e-07,3.066901445959885e-07,0.00010175019186858975,8.340525983478175e-07,4.3273614528470636e-05
2020-11-25 00:00:16,-3.1282291766157534e-10,5.014492849734148e-07,8.024608374393482e-07,4.922640338278937e-07,3.023242648439312e-07,0.000102145245932634,8.231742146680554e-07,1.0485146126245888e-05
2020-11-25 01:00:16,-3.1184527158104525e-10,5.051431971557045e-07,8.048715693428749e-07,4.926059353231036e-07,2.9877155335578676e-07,0.00010230583115651658,8.126564814624206e-07,5.8972973148082054e-06
2020-11-25 02:00:16,-3.101740719834073e-10,5.078554550065629e-07,8.085820654874229e-07,4.935314168966555e-07,2.959570989698501e-07,0.00010204282743393696,8.032283418348531e-07,4.040354289827289e-06
2020-11-25 03:00:16,-3.1122286982513257e-10,5.095223682091563e-07,8.108789774466802e-07,4.938421544450646e-07,2.933983810485892e-07,0.00010338830204112974,7.914521744261388e-07,3.0066517502650777e-06
2020-11-25 04:00:16,-3.1120143640394207e-10,5.118044288366284e-07,8.111824295259618e-07,4.939526366547775e-07,2.9126603023771454e-07,0.00010384651632343183,7.818393194016378e-07,2.4575933841707607e-06
2020-11-25 05:00:16,-3.0982439236362495e-10,5.146505255125933e-07,8.121190227389096e-07,4.936639440601795e-07,2.8952344577483627e-07,0.00010449932678021946,7.742671471272038e-07,2.1358763300570816e-06
2020-11-25 06:00:16,-3.079492244452327e-10,5.167230538382052e-07,8.135221407509789e-07,4.934649002581159e-07,2.881227268285743e-07,0.00010445181113482213,7.698507178404186e-07,1.945469800831366e-06
2020-11-25 07:00:16,-3.076452969493285e-10,5.164295734224143e-07,8.130818124894931e-07,4.92608582511173e-07,2.869803483419023e-07,0.00010543890534280827,7.656550350932286e-07,1.806116614858997e-06
2020-11-25 08:00:16,-3.0923857568077995e-10,5.154768040819894e-07,8.092100447474354e-07,4.900979535909668e-07,2.85415199225978e-07,0.0001059399784494584,7.605684263936546e-07,1.6634824230129953e-06
2020-11-25 09:00:16,-3.109095144833238e-10,5.152709927098149e-07,8.028087731582132e-07,4.856801594677774e-07,2.8317935437147605e-07,0.00010575520897580772,7.531595048148827e-07,1.5502824792554326e-06
2020-11-25 10:00:16,-3.1134123038458644e-10,5.183421053826067e-07,7.975250514566974e-07,4.798711323766451e-07,2.802906738820738e-07,0.00010461479137073412,7.449476492703781e-07,1.4544906640440686e-06
2020-11-25 11:00:16,-3.0713405471604846e-10,5.269341517795918e-07,7.976446791447604e-07,4.7547044552641963e-07,2.7656615358183446e-07,0.00010311249240192117,7.343014319968745e-07,1.365293287304322e-06
2020-11-25 12:00:16,-2.982426632812203e-10,5.398055627575103e-07,8.055121664150677e-07,4.7569119282430274e-07,2.728088030971908e-07,0.00010032421879279081,7.207097970106201e-07,1.2835400251190104e-06
2020-11-25 13:00:16,-2.8918716003574695e-10,5.528965867294983e-07,8.207202920606577e-07,4.805585618233583e-07,2.7023114409071233e-07,9.818035809928448e-05,7.046277258722875e-07,1.2148049704773683e-06
2020-11-25 14:00:16,1.4687935649127847e-07,5.638317276836108e-07,8.384874019296538e-07,4.86963533488207e-07,2.6946935304667636e-07,9.823855582867653e-05,6.872252243559413e-07,1.1582152660567816e-06
2020-11-25 15:00:16,1.5040728654510655e-07,5.748794434760198e-07,8.578578925993623e-07,4.954758204410994e-07,2.6981837342563145e-07,9.421328923827435e-05,6.735002486107072e-07,1.1167250586547733e-06
2020-11-25 16:00:16,1.5646207134751327e-07,5.843581772161096e-07,8.765470295263382e-07,5.069519085720722e-07,2.7226105182960236e-07,9.130999042928587e-05,6.615916592826356e-07,1.0962995544173696e-06
2020-11-25 17:00:16,1.651552484884624e-07,5.934087675727216e-07,8.917856810568616e-07,5.182643039725202e-07,2.775297368742015e-07,8.915626621776295e-05,6.55566409821657e-07,1.086538768094061e-06
2020-11-25 18:00:16,1.7553595333070427e-07,6.048177598339148e-07,9.051033182120625e-07,5.276434336894017e-07,2.846353082881129e-07,8.557918862341984e-05,6.574788015080719e-07,1.0941655345107564e-06
2020-11-25 19:00:16,1.885828388538188e-07,6.215697545545088e-07,9.197957780991089e-07,5.347421070511849e-07,2.918786494515711e-07,8.412252585878735e-05,6.606314260319141e-07,1.1066080737845252e-06
2020-11-25 20:00:16,2.0302918850194863e-07,6.412508324421923e-07,9.366010295701072e-07,5.413939501389913e-07,2.984509156927773e-07,8.248352715221925e-05,6.596590580032074e-07,1.1321124672650478e-06
2020-11-25 21:00:16,2.1476837965735292e-07,6.596696263964775e-07,9.551121923098941e-07,5.487265315943657e-07,3.049349105962529e-07,8.100366212339791e-05,6.606074582648466e-07,1.1978047919938154e-06
2020-11-25 22:00:16,2.315022378862808e-07,6.715152603319727e-07,9.693626168843804e-07,5.56603082274641e-07,3.1211272077171973e-07,7.961030692312283e-05,6.628945811235431e-07,1.2941751028784339e-06
2020-11-25 23:00:16,2.5317192306962137e-07,6.895657427913665e-07,9.819759272739335e-07,5.625372564796624e-07,3.1997735802963915e-07,7.770376366788216e-05,6.658598946141051e-07,1.4503856600561079e-06
2020-11-26 00:00:16,2.7851473824995085e-07,7.134620684633517e-07,9.979136731220402e-07,5.676807123363162e-07,3.2771961575156715e-07,7.537535780184921e-05,6.68521338638691e-07,1.6860622651472339e-06
2020-11-26 01:00:16,3.0848290628115387e-07,7.435046106272651e-07,1.0166335010074264e-06,5.733249171177156e-07,3.3501321515690565e-07,7.251432226491991e-05,6.701226738766287e-07,2.080376394386386e-06
2020-11-26 02:00:16,3.40344462301628e-07,7.806000953522813e-07,1.0409526573505634e-06,5.81037274305201e-07,3.422285161813144e-07,6.864429098393473e-05,6.708400687128874e-07,2.8486987277229757e-06
2020-11-26 03:00:16,3.7358646382053874e-07,8.195688329367724e-07,1.0687619723109006e-06,5.9161696663836e-07,3.4985553483699125e-07,6.453724849470516e-05,6.707312797835035e-07,4.8396631884019115e-06
2020-11-26 04:00:16,4.0496301250731393e-07,8.57877628741328e-07,1.0982586130409145e-06,6.054745029136436e-07,3.586880910965442e-07,6.042352434744903e-05,6.715156105229433e-07,2.3827931165160912e-05
2020-11-26 05:00:16,4.3710032931208203e-07,8.929069394971744e-07,1.1287120622319204e-06,6.215425479596475e-07,3.698513890321193e-07,5.6485177428695765e-05,6.734347840217286e-07,-6.943497636899481e-06
2020-11-26 06:00:16,4.6863023359554413e-07,9.259628266313951e-07,1.155647333008701e-06,6.373231931066906e-07,3.8254025024950974e-07,5.4036156392527735e-05,6.749230081684302e-07,-2.9333367889615547e-06
2020-11-26 07:00:16,4.941685474303138e-07,9.564286016110766e-07,1.178152232905339e-06,6.532996501409324e-07,3.9798663108245086e-07,5.073015108986507e-05,6.841833874792881e-07,-1.6194563105324034e-06
2020-11-26 08:00:16,5.179564659356465e-07,9.85492551714504e-07,1.1975193466425171e-06,6.682052907328135e-07,4.154680985616365e-07,4.8366774681233066e-05,6.979085506547323e-07,-1.0623264888841676e-06
2020-11-26 09:00:16,5.391598059543223e-07,1.0138568868714908e-06,1.2142696463726858e-06,6.82845373704818e-07,4.3410351547630796e-07,4.615130664077562e-05,7.113893228092737e-07,-7.620100436684685e-07
2020-11-26 10:00:16,5.519793858398158e-07,1.0410139089911307e-06,1.2292360358516615e-06,6.972631687626698e-07,4.536417755551932e-07,4.4189930637476546e-05,7.30881527897818e-07,-5.735247364658739e-07
2020-11-26 11:00:16,5.640915611851399e-07,1.0695855740729241e-06,1.244707772832119e-06,7.093578477022315e-07,4.751676040016804e-07,4.235533345452913e-05,7.579423280184375e-07,-4.5526126398516834e-07
2020-11-26 12:00:16,5.729653020841326e-07,1.1057557330068253e-06,1.26413933173566e-06,7.252627910366086e-07,4.981255869209299e-07,4.0526630150919e-05,7.898610667014755e-07,-3.7168753353080126e-07
2020-11-26 13:00:16,5.758739789816512e-07,1.1431076004838586e-06,1.2868498103909237e-06,7.391604581506377e-07,5.241990847126331e-07,3.9542551032178486e-05,8.285625057819333e-07,-3.1974270409926913e-07
2020-11-26 14:00:16,5.732894626610502e-07,1.1800898256071335e-06,1.3134213929624254e-06,7.54856301124113e-07,5.529316208889942e-07,3.855322734611966e-05,8.75749904312214e-07,-2.8356293947999795e-07
2020-11-26 15:00:16,5.651166195379208e-07,1.201535929061827e-06,1.334186599897038e-06,7.71950926002305e-07,5.853439785307709e-07,3.767594121722183e-05,9.340554610730353e-07,-2.601173914494613e-07
2020-11-26 16:00:16,5.569051096574811e-07,1.2048292206636533e-06,1.3409503727374842e-06,7.881873016567112e-07,6.195144375835986e-07,3.575544104499585e-05,1.0119792957891018e-06,-2.429645700215512e-07
2020-11-26 17:00:16,5.51988424153205e-07,1.2082074953877582e-06,1.338280572550778e-06,7.998778714392569e-07,6.542502608428909e-07,3.4701595980554335e-05,1.105042110459351e-06,-2.315457432322683e-07
2020-11-26 18:00:16,5.503866473538018e-07,1.2100651622222304e-06,1.334431144236076e-06,8.030427645893708e-07,6.82783635802526e-07,3.3887719849406465e-05,1.192374711899246e-06,-2.2522642752893123e-07
2020-11-26 19:00:16,5.58023325058588e-07,1.2180401069991292e-06,1.3335757539671838e-06,8.013451135217784e-07,7.052360874217403e-07,3.275691771584132e-05,1.265040861545003e-06,-2.2054315981119613e-07
2020-11-26 20:00:16,5.67697782205484e-07,1.2368148678192384e-06,1.341957778542496e-06,8.014303877457767e-07,7.226203917406985e-07,3.194392507715464e-05,1.33337867934597e-06,-2.1592258495810503e-07
2020-11-26 21:00:16,5.771241320524384e-07,1.2607024155081364e-06,1.3610369307500296e-06,8.090474015641036e-07,7.381192676981927e-07,3.1045707028341816e-05,1.407815809213964e-06,-2.1090036094999028e-07
2020-11-26 22:00:16,5.831288793070894e-07,1.2893405093466376e-06,1.3874168816031164e-06,8.230215123505208e-07,7.576456396950154e-07,3.009218894682319e-05,1.5069788702626746e-06,-2.0913576847560387e-07
2020-11-26 23:00:16,5.748829146249308e-07,1.3100563620976363e-06,1.4173793685500347e-06,8.411024132568193e-07,7.821245280999411e-07,2.9474258433190645e-05,1.6315148508365825e-06,-2.1016796155617912e-07
2020-11-27 00:00:16,5.595461197796297e-07,1.31204431460452e-06,1.4393742625323748e-06,8.60436762135523e-07,8.116026661752007e-07,2.9108003359176544e-05,1.7864196145501432e-06,-2.1383765878357018e-07
2020-11-27 01:00:16,5.48264716413999e-07,1.3024598802886953e-06,1.4480665585552017e-06,8.774966129992411e-07,8.44730420278507e-07,2.8724269311578956e-05,1.9821766006050632e-06,-2.1768672174076348e-07
2020-11-27 02:00:16,5.358642293109313e-07,1.2901472380895705e-06,1.4483822688130686e-06,8.883135579528479e-07,8.77471387901044e-07,2.844358799397418e-05,2.2100837754171925e-06,-2.2266472242530883e-07
2020-11-27 03:00:16,5.252101197377532e-07,1.2749685259596338e-06,1.4407083150877365e-06,8.936424419061632e-07,9.047879763643721e-07,2.8099096823912057e-05,2.466674669645507e-06,-2.2820087577182525e-07
2020-11-27 04:00:16,5.14076160146729e-07,1.2564941252672467e-06,1.4290140009792793e-06,8.932410284011307e-07,9.253562885645083e-07,2.7653254955912943e-05,2.7454434062003e-06,-2.33649370540195e-07
2020-11-27 05:00:16,5.060689161806226e-07,1.2326717434674798e-06,1.4120690796616506e-06,8.851822108078235e-07,9.395302937040583e-07,2.7106807473399625e-05,2.987516820171399e-06,-2.405271553113521e-07
2020-11-27 06:00:16,5.021557958860074e-07,1.2116273044621398e-06,1.3925855653222186e-06,8.712243917784247e-07,9.433087575622099e-07,2.664689966585521e-05,3.1572389480965125e-06,-2.4607095637673226e-07
2020-11-27 07:00:16,5.022369507562991e-07,1.1981204599339171e-06,1.3755573595367085e-06,8.551593962074146e-07,9.388418997385797e-07,2.5928594515658718e-05,3.288899148475808e-06,-2.5138590275659936e-07
2020-11-27 08:00:16,5.043934395660558e-07,1.1921561530381543e-06,1.364973271301823e-06,8.4130171521694e-07,9.282661906605676e-07,2.4947683015056013e-05,3.349920172805264e-06,-2.5665060555069475e-07
2020-11-27 09:00:16,5.051435077994555e-07,1.1903285329698625e-06,1.361676913398225e-06,8.315944571847394e-07,9.128673781807322e-07,2.4096335261405183e-05,3.3889765410905283e-06,-2.626478578267749e-07
2020-11-27 10:00:16,5.039698208570073e-07,1.188375249546801e-06,1.3631318067787203e-06,8.249604458766926e-07,8.980423599485081e-07,2.3362377354856558e-05,3.4013017490801224e-06,-2.712591723868593e-07
2020-11-27 11:00:16,5.029785898105932e-07,1.185248597976817e-06,1.36638623089073e-06,8.200270719181687e-07,8.836398290017637e-07,2.286573697171533e-05,3.347297243988803e-06,-2.8140317833287977e-07
2020-11-27 12:00:16,4.998026458152634e-07,1.1800921392663244e-06,1.3698685386291627e-06,8.146955119798852e-07,8.691748687221103e-07,2.2475357734501355e-05,3.2458469343978032e-06,-2.9241033076930787e-07
2020-11-27 13:00:16,4.937836681449052e-07,1.1696446936479112e-06,1.3709837543776916e-06,8.051361039253333e-07,8.554795574330055e-07,2.232358235928234e-05,3.104009696763644e-06,-3.0437659695473606e-07
2020-11-27 14:00:16,4.884657006482657e-07,1.1535263553851106e-06,1.3682326238709262e-06,7.927007294929804e-07,8.422958265290763e-07,2.2188874717547338e-05,2.9435745702107485e-06,-3.1572001608855664e-07
2020-11-27 15:00:16,4.861945222460515e-07,1.136915723381728e-06,1.3608338046146348e-06,7.822701401049844e-07,8.27806685524134e-07,2.170793336441886e-05,2.8418544568341045e-06,-3.251999732994669e-07
2020-11-27 16:00:16,4.866559166538545e-07,1.124218730835861e-06,1.3520936618585176e-06,7.736979802355668e-07,8.118990546523521e-07,2.098297851337259e-05,2.764941598044211e-06,-3.346492074911461e-07
2020-11-27 17:00:16,4.883292434544839e-07,1.117264070411441e-06,1.3460408310552872e-06,7.671399454980677e-07,7.909013164883119e-07,2.0398482110257576e-05,2.6620834342669053e-06,-3.470486069338585e-07
2020-11-27 18:00:16,4.888961850850199e-07,1.1126166131834133e-06,1.3443207230050643e-06,7.618793526994789e-07,7.669220497116402e-07,1.984305645657138e-05,2.497421298643012e-06,-3.622780879713328e-07
2020-11-27 19:00:16,4.883684898947401e-07,1.105767491921987e-06,1.3435523854862832e-06,7.560652306967455e-07,7.401119918167396e-07,1.916248874439415e-05,2.3135282638904223e-06,-3.7961351591528373e-07
2020-11-27 20:00:16,4.871525886053286e-07,1.097169687180157e-06,1.3418064687549266e-06,7.503676851986726e-07,7.136233513551302e-07,1.8703964080833236e-05,2.1387764350065136e-06,-3.983872129745689e-07
2020-11-27 21:00:16,4.835173872420117e-07,1.0854728595959586e-06,1.3386076372169184e-06,7.442409681404321e-07,6.89667533953194e-07,1.8121407699544926e-05,1.9841704246255388e-06,-4.1847822340967737e-07
2020-11-27 22:00:16,4.796060850479133e-07,1.0701460057882563e-06,1.3313738103692426e-06,7.375741623768639e-07,6.659138120889014e-07,1.767324073979219e-05,1.8386238949827532e-06,-4.3972784939376636e-07
2020-11-27 23:00:16,4.7544109401169263e-07,1.0529805860623999e-06,1.3200572786267609e-06,7.294233873512744e-07,6.435611508303275e-07,1.714740922114257e-05,1.7123114533587261e-06,-4.63071086756896e-07
2020-11-28 00:00:16,4.7170215039383515e-07,1.0352672372234614e-06,1.3058979645330701e-06,7.196802471949036e-07,6.2195118520707e-07,1.6602264277611627e-05,1.6008285640879644e-06,-4.898808306760172e-07
2020-11-28 01:00:16,4.679564818698525e-07,1.0170831662592068e-06,1.2894888507894897e-06,7.082747825973085e-07,6.008337765983213e-07,1.602799505802988e-05,1.5019115825828608e-06,-5.248890246313777e-07
2020-11-28 02:00:16,4.649602704992527e-07,1.0000766706558036e-06,1.2714178372659015e-06,6.96551500845305e-07,5.793914056719183e-07,1.542617950645974e-05,1.4123391065599908e-06,-5.70173544420971e-07
2020-11-28 03:00:16,4.623661686025063e-07,9.84199371653727e-07,1.2530296514802628e-06,6.839167013843749e-07,5.581320100773671e-07,1.4860321286132403e-05,1.3278564847810698e-06,-6.293244297200563e-07
2020-11-28 04:00:16,4.6051323688093435e-07,9.691738531593353e-07,1.2359861098798906e-06,6.709079664449061e-07,5.364766383477798e-07,1.4293214797837957e-05,1.2495656034055574e-06,-7.150344879721464e-07
2020-11-28 05:00:16,4.595942046595473e-07,9.569098923659326e-07,1.2195577590215169e-06,6.600729659698426e-07,5.157703993759598e-07,1.3751472356788467e-05,1.1792752975454784e-06,-8.231720097109536e-07
2020-11-28 06:00:16,4.5792642245857735e-07,9.455364422312526e-07,1.2071373184289393e-06,6.486723060923393e-07,4.960077557471276e-07,1.3148689805021704e-05,1.1101325438397798e-06,-1.0101635433225528e-06
2020-11-28 07:00:16,4.562907647418486e-07,9.334306053905108e-07,1.194385128802997e-06,6.385602399004949e-07,4.771100776161797e-07,1.2652741843234639e-05,1.0450355688350796e-06,-1.3102923299640664e-06
2020-11-28 08:00:16,4.5488776720297675e-07,9.210623404223017e-07,1.1811826231132678e-06,6.28043205257559e-07,4.5862117583398873e-07,1.2170415212484626e-05,9.809950412507128e-07,-1.9891303689610654e-06
2020-11-28 09:00:16,4.5206791121737676e-07,9.08528819259354e-07,1.1669229039818844e-06,6.175159894708615e-07,4.41279026391999e-07,1.1662627524703861e-05,9.299821645813709e-07,-3.821327285697652e-06
2020-11-28 10:00:16,4.4596834125103296e-07,8.935014681002449e-07,1.1514670498133222e-06,6.060601286345149e-07,4.2510159840332897e-07,1.1181421055491493e-05,8.871587346328472e-07,-3.46745161847541e-05
2020-11-28 11:00:16,4.3992998568958773e-07,8.736944599296644e-07,1.132693058603871e-06,5.930930402624191e-07,4.087816924353475e-07,1.0761949015906706e-05,8.474047148408975e-07,4.52742305534757e-06
2020-11-28 12:00:16,4.3518079455606594e-07,8.535225341425412e-07,1.1098844153673106e-06,5.774375660312374e-07,3.930721812326817e-07,1.0349586193297096e-05,8.125259190310649e-07,2.218487200884641e-06
2020-11-28 13:00:16,4.318653342037132e-07,8.330025755342876e-07,1.0853184221249866e-06,5.590899034772885e-07,3.769377317398228e-07,9.931683201907664e-06,7.778093114984809e-07,1.4777989048904e-06
2020-11-28 14:00:16,4.3406254279109703e-07,8.194336377407681e-07,1.0609843528048374e-06,5.423200088972215e-07,3.5988701700926173e-07,9.445199034886054e-06,7.413024216212705e-07,1.1003811666479063e-06
2020-11-28 15:00:16,4.387705903793785e-07,8.145457586709401e-07,1.0447465436423543e-06,5.273597134457591e-07,3.430285916802433e-07,8.935359358989136e-06,7.051900474136633e-07,8.822105238523604e-07
2020-11-28 16:00:16,4.427096057047978e-07,8.161867878875107e-07,1.0384565691849797e-06,5.18352083883334e-07,3.2740742010964884e-07,8.417361919094889e-06,6.720507271893322e-07,7.447724039261063e-07
2020-11-28 17:00:16,4.440558543851643e-07,8.177209906592141e-07,1.0389702052554869e-06,5.138463426783019e-07,3.1340192991255814e-07,7.957391110236527e-06,6.411004108322331e-07,6.46812474295694e-07
2020-11-28 18:00:16,4.4225976998835987e-07,8.165442354290686e-07,1.0415213625619042e-06,5.117024654798291e-07,3.009895657878555e-07,7.649521040871584e-06,6.098508219872399e-07,5.698767101207266e-07
2020-11-28 19:00:16,4.368790337487627e-07,8.092869614797356e-07,1.0413181505203663e-06,5.10650661516477e-07,2.9014495761165664e-07,7.430398110733909e-06,5.786264357317242e-07,5.079580183123152e-07
2020-11-28 20:00:16,4.3195429265975344e-07,7.946276838162327e-07,1.0325631857630384e-06,5.075990203795637e-07,2.812865853930271e-07,7.143236663519399e-06,5.49322736967152e-07,4.5691540118486863e-07
2020-11-28 21:00:16,4.286640196373482e-07,7.78109355105462e-07,1.0151484828894809e-06,5.009334053327125e-07,2.736996214780207e-07,6.873110098451037e-06,5.248843451559642e-07,4.1840100903576543e-07
2020-11-28 22:00:16,4.280474592877304e-07,7.64410121087281e-07,9.946165023621819e-07,4.907735550680323e-07,2.6626433485166786e-07,6.601784362399355e-06,5.057363168025521e-07,3.8621500497879036e-07
2020-11-28 23:00:16,4.277005514222636e-07,7.548126938123113e-07,9.770982308886801e-07,4.796023697286792e-07,2.5837737632860095e-07,6.327945711802335e-06,4.893558470892005e-07,3.647458011154862e-07
2020-11-29 00:00:16,4.264891425188115e-07,7.459261580463601e-07,9.637770662694744e-07,4.6909390667212685e-07,2.5022990132595823e-07,6.06147115688046e-06,4.732352012670926e-07,3.4722479554968376e-07
2020-11-29 01:00:16,4.2553238276046706e-07,7.351959684999156e-07,9.516241190121635e-07,4.591668355507951e-07,2.420934490554032e-07,5.817884461962922e-06,4.5493547513040746e-07,3.293645795070356e-07
2020-11-29 02:00:16,4.2800060538159485e-07,7.281354500395268e-07,9.383837895914023e-07,4.4944196063859063e-07,2.340175632127714e-07,5.603343760176847e-06,4.340024194135665e-07,3.0762575512986573e-07
2020-11-29 03:00:16,4.325907970127661e-07,7.275787112728292e-07,9.305056967409173e-07,4.4191743679319187e-07,2.2617413504949074e-07,5.403572982093713e-06,4.1078361732516395e-07,2.8370866234668567e-07
2020-11-29 04:00:16,4.374339596302441e-07,7.306428897317831e-07,9.307698797115319e-07,4.3596746214742647e-07,2.1914892632741238e-07,5.277500102391894e-06,3.883802813384235e-07,2.654737292005884e-07
2020-11-29 05:00:16,4.42621397656064e-07,7.357250150142663e-07,9.353489871396198e-07,4.326094153165903e-07,2.1302453702676937e-07,5.169980197485352e-06,3.665598903031444e-07,2.503624610845122e-07
2020-11-29 06:00:16,4.4856156244996846e-07,7.41159810914006e-07,9.430814138617677e-07,4.2987465464622914e-07,2.0731178131680792e-07,5.153531697906352e-06,3.4401546770269245e-07,2.3699686204137686e-07
2020-11-29 07:00:16,4.555829593643722e-07,7.479659334314678e-07,9.518030864151241e-07,4.2865949607859666e-07,2.0137922780435553e-07,5.069509083378523e-06,3.2071680296390816e-07,2.2267778105634686e-07
2020-11-29 08:00:16,4.6348879700151175e-07,7.563033442376574e-07,9.627584586796954e-07,4.294789404898472e-07,1.9553721689624133e-07,4.982135230689256e-06,2.9623438438339424e-07,2.0584837225623774e-07
2020-11-29 09:00:16,4.712466147397705e-07,7.655565065914717e-07,9.766050413998466e-07,4.327265332392726e-07,1.9050583207074742e-07,4.882958506765524e-06,2.723514249332949e-07,1.862780267677095e-07
2020-11-29 10:00:16,4.793536953665484e-07,7.752058648089648e-07,9.930533899271505e-07,4.382229472585868e-07,1.8650862417701488e-07,4.798584171161329e-06,2.4783041739884414e-07,1.6533041260197403e-07
2020-11-29 11:00:16,4.862329204277337e-07,7.838729947076692e-07,1.0111574374273938e-06,4.4554393221683543e-07,1.838640244588755e-07,4.753654607820697e-06,2.2393503330164787e-07,1.4535049976619535e-07
2020-11-29 12:00:16,4.909827511782985e-07,7.905957730906225e-07,1.0292996965467134e-06,4.5361089146707366e-07,1.831448087149315e-07,4.754665880002206e-06,2.0294747866972908e-07,1.26180260519902e-07
2020-11-29 13:00:16,4.942456753143858e-07,7.945132737957962e-07,1.0459043896260155e-06,4.614997072313449e-07,1.8418813275265975e-07,4.841921700811191e-06,1.8472900700033e-07,1.0827371308798835e-07
2020-11-29 14:00:16,4.993978658815374e-07,7.959089463996656e-07,1.0593433997813125e-06,4.704258119284192e-07,1.862983432980181e-07,4.962627864160194e-06,1.6908642621107904e-07,9.192292246877993e-08
2020-11-29 15:00:16,5.05782352270832e-07,7.966535371026223e-07,1.0678255914359928e-06,4.808631416484318e-07,1.8933435060083553e-07,5.101606323292935e-06,1.558174862456928e-07,7.771184146718541e-08
2020-11-29 16:00:16,5.125727300913389e-07,7.996410052361909e-07,1.0750099124013348e-06,4.874792798166851e-07,1.9257438502250078e-07,5.279570477616535e-06,1.4500324418651507e-07,6.62906780463574e-08
2020-11-29 17:00:16,5.196916389964142e-07,8.039782236504552e-07,1.0839071605147748e-06,4.925971311300231e-07,1.9506755595759884e-07,5.497697469726566e-06,1.3525368266186894e-07,5.6540735277477334e-08
2020-11-29 18:00:16,5.261403368816286e-07,8.086726171954671e-07,1.0956174034790463e-06,4.97065271115385e-07,1.9706637330220481e-07,5.731988838356773e-06,1.2568393790079925e-07,4.7772255303355564e-08
2020-11-29 19:00:16,5.337388747674701e-07,8.13275607326771e-07,1.1094059899156546e-06,5.011121114342207e-07,1.9873756805665058e-07,5.947784049090895e-06,1.155174611720737e-07,3.9812476038579855e-08
2020-11-29 20:00:16,5.434084737756939e-07,8.200370318642815e-07,1.1248278664791622e-06,5.06251180683112e-07,2.0047744450735288e-07,6.2395121733861565e-06,1.0506688706841108e-07,3.200855055875296e-08
2020-11-29 21:00:16,5.536802118131224e-07,8.279632700163718e-07,1.1424773914766541e-06,5.125565496418753e-07,2.0331897617912096e-07,6.523937454255614e-06,9.492994998831105e-08,2.4436971233341387e-08
2020-11-29 22:00:16,5.677074971991611e-07,8.382508211189749e-07,1.1629666903489202e-06,5.207185828798384e-07,2.0676398643054665e-07,6.857133344047173e-06,8.491375304932952e-08,1.694492946567437e-08
2020-11-29 23:00:16,5.824417647502228e-07,8.524062044620213e-07,1.1882665137172064e-06,5.31006017361017e-07,2.1093157142952e-07,7.283823611510901e-06,7.490702538803049e-08,9.538283833418717e-09
2020-11-30 00:00:16,6.004068299554917e-07,8.686450902669282e-07,1.2176530388319366e-06,5.454952153181162e-07,2.167264561869889e-07,7.809786641521415e-06,6.54731541091414e-08,1.9794512304417034e-09
2020-11-30 01:00:16,6.166376083464141e-07,8.871230976778604e-07,1.2519315911370664e-06,5.62944935726787e-07,2.2491500941792977e-07,8.534067735025882e-06,5.7156504740666806e-08,-5.399131497246887e-09
2020-11-30 02:00:16,6.302103998839871e-07,9.038363069655775e-07,1.289431396001721e-06,5.809837206497915e-07,2.3562534932376555e-07,9.570654357105e-06,5.039226293310422e-08,-1.1994731120908581e-08
2020-11-30 03:00:16,6.440760616339727e-07,9.187626036930158e-07,1.3251413777725107e-06,6.005105594604385e-07,2.4844013884744904e-07,1.0929129033099953e-05,4.476884761651628e-08,-1.79957203739026e-08
2020-11-30 04:00:16,6.571489939034984e-07,9.318299896774561e-07,1.3581753870635088e-06,6.20969727559665e-07,2.6297676453238785e-07,1.2798547191329892e-05,3.994628356340682e-08,-2.336755791735316e-08
2020-11-30 05:00:16,6.69517309757336e-07,9.435132340229107e-07,1.3882646315135597e-06,6.413921644390405e-07,2.7869303599161365e-07,1.508095228772084e-05,3.570073437955246e-08,-2.8314356948420997e-08
2020-11-30 06:00:16,6.807183477202869e-07,9.52743459732867e-07,1.415529731076374e-06,6.614918025111402e-07,2.948447490191076e-07,1.7925617675900816e-05,3.1827179638428074e-08,-3.300009522654269e-08
2020-11-30 07:00:16,6.91481696243124e-07,9.59211526835758e-07,1.4398329509180129e-06,6.790886986424707e-07,3.097174736395767e-07,2.1740750032786816e-05,2.8158291213392755e-08,-3.8015331052586766e-08
2020-11-30 08:00:16,7.021786682075687e-07,9.63775534048306e-07,1.4592398743419546e-06,6.954032163275804e-07,3.2339758429946603e-07,2.6091731281128844e-05,2.4492066391005248e-08,-4.438116183592934e-08
2020-11-30 09:00:16,7.103285561677798e-07,9.662510104463336e-07,1.474580439235731e-06,7.105759261697033e-07,3.3711672571371475e-07,3.170964556451528e-05,2.111544795226634e-08,-5.1910330705097534e-08
2020-11-30 10:00:16,7.175620051406887e-07,9.663138930641355e-07,1.4866083020670345e-06,7.233603097100244e-07,3.505394137691745e-07,3.850306873802152e-05,1.7993663563533634e-08,-6.25123401611028e-08
2020-11-30 11:00:16,7.259343142977223e-07,9.655886063608387e-07,1.4949550314174936e-06,7.344509786380044e-07,3.6232538175455925e-07,4.78020291003266e-05,1.511414466516667e-08,-7.999175346179667e-08
2020-11-30 12:00:16,7.343177363517976e-07,9.651342463945137e-07,1.5019920840892399e-06,7.434137925821233e-07,3.732054916358128e-07,6.139418994399692e-05,1.2864283026375102e-08,-1.0452512795204506e-07
2020-11-30 13:00:16,7.461683300288509e-07,9.664718078911603e-07,1.5096019843968135e-06,7.524589402941928e-07,3.8366228511583314e-07,8.308428526929021e-05,1.0989743055132524e-08,-1.4421580650547147e-07
2020-11-30 14:00:16,7.607356311922093e-07,9.713575639606838e-07,1.5202701743353068e-06,7.625305422458139e-07,3.9445191613001977e-07,0.00012876679282650542,9.530289088062662e-09,-2.0424664643902017e-07
2020-11-30 15:00:16,7.75203566108477e-07,9.77799255489878e-07,1.5343376368453948e-06,7.753939628316357e-07,4.0585586193971283e-07,0.00021552851411571226,8.423914843634918e-09,-2.879994121104519e-07
2020-11-30 16:00:16,7.897736764347204e-07,9.854198395303565e-07,1.5499103260615782e-06,7.909609597007512e-07,4.191064404237359e-07,0.0017236421064494348,7.518128119735932e-09,-4.121767758681978e-07
2020-11-30 17:00:16,8.02980196895161e-07,9.934526715452546e-07,1.568621152846167e-06,8.059778991612274e-07,4.33425613310887e-07,-0.0002996998637096626,6.849168307146183e-09,-5.710768924400249e-07
2020-11-30 18:00:16,8.139996512078355e-07,9.99909945365364e-07,1.5877054233271992e-06,8.227907698021089e-07,4.526609983494823e-07,-0.00014136999885555477,6.238519650981697e-09,-8.447263284025671e-07
2020-11-30 19:00:16,8.205724535705532e-07,1.0028072247243422e-06,1.6043828786762277e-06,8.394003559505428e-07,4.7254894335285895e-07,-9.234870419676591e-05,5.772296204753668e-09,-1.2568758339998977e-06
2020-11-30 20:00:16,8.278027440282035e-07,1.0029293404749423e-06,1.61577645913472e-06,8.537391240157873e-07,4.906491427970554e-07,-7.3269166339661e-05,5.463125030625657e-09,-1.764793418506494e-06
2020-11-30 21:00:16,8.342233068277788e-07,1.0025255951654619e-06,1.6206455864114968e-06,8.650504446686691e-07,5.049513033808896e-07,-6.574240189639337e-05,5.269410441124668e-09,-2.1565843107537656e-06
2020-11-30 22:00:16,8.393177225008848e-07,1.000416339955065e-06,1.6223538656469167e-06,8.72300910460213e-07,5.12354017901719e-07,-6.188853319822269e-05,5.172548739893592e-09,-2.19215129057479e-06
2020-11-30 23:00:16,8.450658357959839e-07,9.979515290129175e-07,1.621441851378857e-06,8.764727936793312e-07,5.134828223089274e-07,-6.0554809994127425e-05,5.149489654594037e-09,-1.9161324505752954e-06
2020-12-01 00:00:16,8.508222010435004e-07,9.963178150220345e-07,1.6190551004646768e-06,8.790164751194582e-07,5.091875949923283e-07,-6.18844170053319e-05,5.178412113525027e-09,-1.571773025532163e-06
2020-12-01 01:00:16,8.526243498463181e-07,9.938488846469165e-07,1.6167610277190114e-06,8.784683985654683e-07,5.00255602573323e-07,-6.664185029451142e-05,5.271351668356083e-09,-1.2596537149022813e-06
2020-12-01 02:00:16,8.548519207254732e-07,9.902513936524496e-07,1.612535572685799e-06,8.757300065665407e-07,4.864606337778146e-07,-7.629995420821003e-05,5.404098282894987e-09,-1.0233796208256604e-06
2020-12-01 03:00:16,8.58111562122235e-07,9.875658300483946e-07,1.6058059443914399e-06,8.72579442077021e-07,4.7055587765678487e-07,-9.343394079535545e-05,5.538546414679837e-09,-8.578854561750511e-07
2020-12-01 04:00:16,8.613131795656802e-07,9.862181412761626e-07,1.5993219387555263e-06,8.698952025384246e-07,4.539847164134379e-07,-0.000136948407497174,5.638313207006122e-09,-7.528711567918161e-07
2020-12-01 05:00:16,8.626649991958545e-07,9.853484835404182e-07,1.5934262040518918e-06,8.679852272856193e-07,4.3716004698937603e-07,-0.00029531769837118176,5.700294209330491e-09,-6.831747686609852e-07
2020-12-01 06:00:16,8.61850514485644e-07,9.838403469248446e-07,1.5877150290498077e-06,8.650920742733015e-07,4.1939951572450635e-07,0.0007538562402397138,5.74018953634322e-09,-6.351964005154255e-07
2020-12-01 07:00:16,8.586370287680494e-07,9.81226874737268e-07,1.581381515683715e-06,8.612068905775634e-07,4.0107192036162797e-07,0.00015444247335618972,5.7654254640235484e-09,-5.963392150177448e-07
2020-12-01 08:00:16,8.514671027050598e-07,9.764928914874292e-07,1.5728000684359126e-06,8.570379450067539e-07,3.823997944595612e-07,7.964835003460709e-05,5.7958967598369845e-09,-5.61504133917609e-07
2020-12-01 09:00:16,8.411485233802992e-07,9.69356198083262e-07,1.5609528344293442e-06,8.510804349725796e-07,3.6440360352043737e-07,5.084627161571747e-05,5.861326674091214e-09,-5.259289293714787e-07
2020-12-01 10:00:16,8.2784516946184e-07,9.595970605291786e-07,1.5453535237310472e-06,8.425281111500529e-07,3.4607566612513333e-07,3.531686722122378e-05,5.983694642329629e-09,-4.874128104586092e-07
2020-12-01 11:00:16,8.140332510951435e-07,9.48059902652215e-07,1.5249433539267367e-06,8.309016200414371e-07,3.2649269488920575e-07,2.6069427093665566e-05,6.161944986603391e-09,-4.468947480779452e-07
2020-12-01 12:00:16,8.00667261739434e-07,9.365139427475722e-07,1.5013590683353102e-06,8.162393141588576e-07,3.0639491412612126e-07,1.9910014718468873e-05,6.384090155971696e-09,-4.0691205236089937e-07
2020-12-01 13:00:16,7.909868760113844e-07,9.271149459258808e-07,1.477320787851809e-06,7.999877642349307e-07,2.865214483195495e-07,1.5740455437319228e-05,6.607598834890876e-09,-3.702795445326032e-07
2020-12-01 14:00:16,7.815410344653299e-07,9.213513395797805e-07,1.4568937732793652e-06,7.823222865671034e-07,2.6752063839268044e-07,1.2701865602321709e-05,6.872412344747898e-09,-3.3393410335685025e-07
2020-12-01 15:00:16,7.714550659900575e-07,9.17994775179552e-07,1.4383009031729856e-06,7.650355986400969e-07,2.4995860769734727e-07,1.0360446066341163e-05,7.209286716276708e-09,-2.951200226519264e-07
2020-12-01 16:00:16,7.64024554440496e-07,9.172228537527611e-07,1.4215397377514738e-06,7.503288615559651e-07,2.3463042933132157e-07,8.636015179928439e-06,7.58555342459033e-09,-2.595866244711119e-07
2020-12-01 17:00:16,7.566047672690917e-07,9.196108187596483e-07,1.4090852953989035e-06,7.378978502417481e-07,2.2162957283839876e-07,7.387987323424104e-06,8.053267451042877e-09,-2.260763589210293e-07
2020-12-01 18:00:16,7.451226964756126e-07,9.213138488288085e-07,1.4012144327102135e-06,7.28813996600055e-07,2.112192411794503e-07,6.427110995141977e-06,8.68948488241356e-09,-1.9369247164103223e-07
2020-12-01 19:00:16,7.29048693284025e-07,9.187632112769434e-07,1.3922883780127154e-06,7.208335495326532e-07,2.0223072752068642e-07,5.757230635084776e-06,9.55106108914558e-09,-1.6142550039684348e-07
2020-12-01 20:00:16,7.118665526260118e-07,9.12170566060675e-07,1.3794010045260648e-06,7.1235730117278e-07,1.950420450642095e-07,5.2168438480491605e-06,1.0707946485415047e-08,-1.2948520218171773e-07
2020-12-01 21:00:16,6.952847149900428e-07,9.032663347677954e-07,1.3615456580476187e-06,7.020014111352072e-07,1.884080808859451e-07,4.854158964280386e-06,1.2167308666966372e-08,-9.871801806589322e-08
2020-12-01 22:00:16,6.78107511869675e-07,8.933525286531698e-07,1.339048678087147e-06,6.901356723496182e-07,1.8320221652864106e-07,4.506776743076539e-06,1.4135423422438587e-08,-6.792859296486467e-08
2020-12-01 23:00:16,6.614745521584706e-07,8.824887907190293e-07,1.3137322644866411e-06,6.767461182969848e-07,1.7844241071951866e-07,4.255302252057843e-06,1.6538646032411222e-08,-3.859140336686611e-08
2020-12-02 00:00:16,6.4482633636763e-07,8.715844863459937e-07,1.2864382394149034e-06,6.624117464190639e-07,1.7434261895194767e-07,4.011416244836086e-06,1.942275241103368e-08,-1.1262882875287788e-08
2020-12-02 01:00:16,6.299585503383414e-07,8.611249932320616e-07,1.2587341043207745e-06,6.476485347899122e-07,1.708150306819405e-07,3.7960808661824024e-06,2.2775892956251358e-08,1.3752980876415375e-08
2020-12-02 02:00:16,6.152169463138796e-07,8.509776702288788e-07,1.2325312224520795e-06,6.330735401790329e-07,1.6789900030777396e-07,3.5991062953022417e-06,2.6596595907320113e-08,3.680643739918599e-08
2020-12-02 03:00:16,6.0104444357126e-07,8.41229951081067e-07,1.2081665855355137e-06,6.189424688252656e-07,1.65672517785234e-07,3.413594687459807e-06,3.0993214528842175e-08,5.8679432633615516e-08
2020-12-02 04:00:16,5.87851850986886e-07,8.323196021248696e-07,1.184886023421941e-06,6.061038561140047e-07,1.6416227287384413e-07,3.246920959181538e-06,3.582463437973997e-08,7.814548974135265e-08
2020-12-02 05:00:16,5.755213450929365e-07,8.244038879390071e-07,1.163184193425962e-06,5.951303700913642e-07,1.6353874164514882e-07,3.106542020187489e-06,4.113755633669631e-08,9.555711043523372e-08
2020-12-02 06:00:16,5.633882918214902e-07,8.175885016365299e-07,1.1435015663117923e-06,5.861259984147427e-07,1.63878240305848e-07,2.9952083837426113e-06,4.6957626518921906e-08,1.1037714048712613e-07
2020-12-02 07:00:16,5.512964934213431e-07,8.106121183159577e-07,1.1267827018560244e-06,5.780467131605747e-07,1.6518495846780747e-07,2.8960950613784656e-06,5.344573229055193e-08,1.2377125204147194e-07
2020-12-02 08:00:16,5.395917656825586e-07,8.036127732483729e-07,1.11105265109085e-06,5.711867409934726e-07,1.6724085550575748e-07,2.8745346990552816e-06,6.066514953564392e-08,1.357592751784135e-07
2020-12-02 09:00:16,5.245443308646304e-07,7.954847250345587e-07,1.0959358640524684e-06,5.654134910518641e-07,1.7061135870193678e-07,2.8819225133398276e-06,6.901724120148667e-08,1.471123823027053e-07
2020-12-02 10:00:16,5.149229614184591e-07,7.875291067423824e-07,1.0794873864479961e-06,5.583952717759516e-07,1.7515081326001126e-07,2.9551673472215477e-06,7.891650228252332e-08,1.5827834240493038e-07
2020-12-02 11:00:16,5.09017290752641e-07,7.836169166258827e-07,1.0630961200328614e-06,5.506407433712623e-07,1.8067421319979143e-07,3.054641255401489e-06,9.059296700884993e-08,1.7099814230225822e-07
2020-12-02 12:00:16,5.082323615877607e-07,7.847682815458668e-07,1.0509294599341833e-06,5.436053448604691e-07,1.8541135721598264e-07,3.1523857687051525e-06,1.0278969006891378e-07,1.8301256760940952e-07
2020-12-02 13:00:16,5.08168994681159e-07,7.927606281393866e-07,1.0455119510015662e-06,5.393737704864588e-07,1.8958329124696027e-07,3.2319639762439822e-06,1.1498684689920468e-07,1.9853983181689927e-07
2020-12-02 14:00:16,5.041344534546644e-07,8.006184769275194e-07,1.0484851758690544e-06,5.36062607366434e-07,1.9422220849383854e-07,3.3479781986987758e-06,1.2810223420906207e-07,2.1872270784427894e-07
2020-12-02 15:00:16,4.97327182749871e-07,8.051680959361654e-07,1.0519930800409013e-06,5.365194688051845e-07,1.995751645540407e-07,3.4610771767759737e-06,1.4248714463038925e-07,2.427964161992086e-07
2020-12-02 16:00:16,4.890009058071443e-07,8.023245874727898e-07,1.0503853165488058e-06,5.384547239252346e-07,2.055928196867448e-07,3.56925346404402e-06,1.57662219499467e-07,2.6955743921297867e-07
2020-12-02 17:00:16,4.815883171783807e-07,7.978143079851019e-07,1.042230932616906e-06,5.398915837949427e-07,2.1263611711752564e-07,3.6421491874029527e-06,1.7310597616923674e-07,2.954069590104242e-07
2020-12-02 18:00:16,4.738658068235008e-07,7.91935218153663e-07,1.0309476773119597e-06,5.408929730169277e-07,2.2047768955155996e-07,3.7283058555948472e-06,1.8915858239330448e-07,3.200779014297524e-07
2020-12-02 19:00:16,4.6734528029303644e-07,7.835651787583656e-07,1.0169867731676962e-06,5.383962318317971e-07,2.2785355654611772e-07,3.8028264269385326e-06,2.06228329187262e-07,3.489397743731103e-07
2020-12-02 20:00:16,4.6397989428748964e-07,7.783063248979695e-07,1.0025912039116968e-06,5.328040951088329e-07,2.345013488204023e-07,3.91752334793388e-06,2.2311109925561202e-07,3.806933233392433e-07
2020-12-02 21:00:16,4.6118670881960045e-07,7.766234864026402e-07,9.923521939491834e-07,5.271539417530219e-07,2.4055233114532704e-07,4.033064804546534e-06,2.4069612314920755e-07,4.167483802300261e-07
2020-12-02 22:00:16,4.5623804001209573e-07,7.755385491918785e-07,9.859637570843519e-07,5.234919121131612e-07,2.467151424835742e-07,4.159524877028323e-06,2.586393432142283e-07,4.658457755028607e-07
2020-12-02 23:00:16,4.515222836868963e-07,7.72296099071867e-07,9.803724303680493e-07,5.206832870011036e-07,2.5329247253010237e-07,4.329576937115095e-06,2.770724755713659e-07,5.297663054068674e-07
2020-12-03 00:00:16,4.489774854527362e-07,7.69234116537908e-07,9.735603785606085e-07,5.174822538584106e-07,2.6062906663367675e-07,4.539405447516258e-06,2.971001469517931e-07,6.146565896845656e-07
2020-12-03 01:00:16,4.5041183429547363e-07,7.71692589564643e-07,9.68370664279768e-07,5.147957117553631e-07,2.681528396216876e-07,4.772476177888622e-06,3.180770787750009e-07,7.220910565651268e-07
2020-12-03 02:00:16,4.5126200904566213e-07,7.766815781136751e-07,9.679753567051338e-07,5.152985647152208e-07,2.7584703398164195e-07,5.02693472583641e-06,3.410817149335302e-07,8.743920118519823e-07
2020-12-03 03:00:16,4.52428872723236e-07,7.805960262174298e-07,9.690801482002627e-07,5.177314493698725e-07,2.8334820074585136e-07,5.286434258076655e-06,3.644912482289606e-07,1.0675552970854518e-06
2020-12-03 04:00:16,4.524323989774047e-07,7.835899366837626e-07,9.69774040999492e-07,5.197211213471083e-07,2.90607715735785e-07,5.5620769612946474e-06,3.871806776470541e-07,1.3040921767085254e-06
2020-12-03 05:00:16,4.5225241667664874e-07,7.844175197411395e-07,9.694531166034466e-07,5.210797116838892e-07,2.974077528485204e-07,5.820219131843193e-06,4.0968967701730145e-07,1.578314887296096e-06
2020-12-03 06:00:16,4.5102040950579024e-07,7.84463570347264e-07,9.668904880977754e-07,5.226240204611854e-07,3.041231033134147e-07,6.03359799494139e-06,4.324000959003602e-07,1.9301040660745568e-06
2020-12-03 07:00:16,4.4849654180055844e-07,7.828793305040877e-07,9.628315194865304e-07,5.244147722627094e-07,3.114017279140811e-07,6.2848942305003155e-06,4.5673929472070733e-07,2.486079981864581e-06
2020-12-03 08:00:16,4.437560281129444e-07,7.78820872022256e-07,9.567093004260114e-07,5.258989917788043e-07,3.1973457271174276e-07,6.556861591032801e-06,4.841289071327745e-07,3.562737087655841e-06
2020-12-03 09:00:16,4.38578342429173e-07,7.721891804051538e-07,9.476630900651566e-07,5.251406038898739e-07,3.282226769550852e-07,6.892375158335648e-06,5.116593892734903e-07,6.133396421344688e-06
2020-12-03 10:00:16,4.33261181710532e-07,7.63741405990104e-07,9.351545079127993e-07,5.214443385361998e-07,3.3667372801000455e-07,7.18517671062927e-06,5.418227824247662e-07,1.829775357446276e-05
2020-12-03 11:00:16,4.286516515768803e-07,7.534511443064125e-07,9.193112425492764e-07,5.138563796692419e-07,3.4412432141736235e-07,7.471865403973185e-06,5.744779217327493e-07,-2.923620848774767e-05
2020-12-03 12:00:16,4.281792649880115e-07,7.449346107754183e-07,9.024348799910883e-07,5.043019848323925e-07,3.4983727111276916e-07,7.704967315031355e-06,6.046133811172883e-07,-9.68588248627528e-06
2020-12-03 13:00:16,4.2566555857784906e-07,7.384812196589362e-07,8.863839181603386e-07,4.914042436853702e-07,3.539087621795796e-07,7.948529356795883e-06,6.336741112417934e-07,-6.177650953876806e-06
2020-12-03 14:00:16,4.265183298643365e-07,7.350823783686281e-07,8.720541184992977e-07,4.762922775700132e-07,3.556812696329922e-07,8.123845288912736e-06,6.58575778237868e-07,-4.904122224149037e-06
2020-12-03 15:00:16,4.3114351746424905e-07,7.392219340111758e-07,8.626769582507027e-07,4.628558672279565e-07,3.549841238975945e-07,8.2498107248041e-06,6.780782877027954e-07,-4.2700554875789275e-06
2020-12-03 16:00:16,4.377510458940756e-07,7.499233183337335e-07,8.62134076310544e-07,4.5446917093087293e-07,3.527867427868257e-07,8.3351805258576e-06,6.917930853397479e-07,-3.7911058504994422e-06
2020-12-03 17:00:16,4.430527252371388e-07,7.642296682804105e-07,8.706627724944715e-07,4.516363464680801e-07,3.507258884211043e-07,8.427812649425062e-06,7.020592023892386e-07,-3.4872200432574068e-06
2020-12-03 18:00:16,4.459315312513811e-07,7.760798002651578e-07,8.838988032336429e-07,4.543200888472955e-07,3.5054581529885163e-07,8.609052563646546e-06,7.101473810509879e-07,-3.2988631103682303e-06
2020-12-03 19:00:16,4.458441590764775e-07,7.832624611803515e-07,8.956976044042111e-07,4.600689805845735e-07,3.534018129471803e-07,8.901600195316537e-06,7.195725945418279e-07,-3.032247989831755e-06
2020-12-03 20:00:16,4.443906104539282e-07,7.84745540607803e-07,9.032947834264149e-07,4.6560127616863755e-07,3.593732196136639e-07,9.30011500312437e-06,7.368796649376318e-07,-2.8196962941828445e-06
2020-12-03 21:00:16,4.4399114102702957e-07,7.838967314170337e-07,9.060331094562654e-07,4.6927378784050115e-07,3.663335830364371e-07,9.763035506676947e-06,7.601239650324844e-07,-2.7202915648718065e-06
2020-12-03 22:00:16,4.4203232686614663e-07,7.817808318635217e-07,9.047582933927621e-07,4.70253417991935e-07,3.73854133032209e-07,1.0272939316626963e-05,7.933691951238846e-07,-2.5758417147992348e-06
2020-12-03 23:00:16,4.406409404701255e-07,7.773385603799708e-07,9.002157866056925e-07,4.6861833378187103e-07,3.8101870939937115e-07,1.0817283647388443e-05,8.335723084722117e-07,-2.514124072427784e-06
2020-12-04 00:00:16,4.3831547151945604e-07,7.722475583641799e-07,8.928224884433847e-07,4.6357556909592986e-07,3.861736259229195e-07,1.133524119499775e-05,8.752064436523265e-07,-2.489239961990759e-06
2020-12-04 01:00:16,4.3514172335258617e-07,7.653513347055904e-07,8.830312210532751e-07,4.557521097532181e-07,3.890811781976226e-07,1.1822956975083253e-05,9.133579865227253e-07,-2.5231304756792825e-06
2020-12-04 02:00:16,4.3387188417089637e-07,7.585201994613645e-07,8.71186955075981e-07,4.471247813258187e-07,3.8928448425587406e-07,1.2187590430692284e-05,9.445005045015451e-07,-2.608813737333238e-06
2020-12-04 03:00:16,4.334882925498713e-07,7.54389461874499e-07,8.607699783965046e-07,4.373996428628826e-07,3.869685151078304e-07,1.2493341086896055e-05,9.689562546548673e-07,-2.7044437557845646e-06
2020-12-04 04:00:16,4.327572021445673e-07,7.525196488189156e-07,8.524194169794548e-07,4.2807102040677083e-07,3.8265244413933446e-07,1.2684469408367317e-05,9.873204586120297e-07,-2.8295631065109673e-06
2020-12-04 05:00:16,4.3238498525179244e-07,7.51460652844008e-07,8.462391813003437e-07,4.19889643855175e-07,3.769291027687953e-07,1.2876571066112824e-05,9.978964660360528e-07,-3.0016712959786243e-06
2020-12-04 06:00:16,4.324221461226982e-07,7.517484696350869e-07,8.423263805869406e-07,4.128845281930015e-07,3.704119679744117e-07,1.3034579924650559e-05,1.0018708305770253e-06,-3.2273206974857124e-06
2020-12-04 07:00:16,4.2847758863809874e-07,7.524379742629797e-07,8.408330778445758e-07,4.076497017749066e-07,3.640042261004883e-07,1.3049220884374671e-05,1.0032514489608975e-06,-3.467280448471689e-06
2020-12-04 08:00:16,4.261801739573332e-07,7.514637279142388e-07,8.406546399902403e-07,4.0344616632195923e-07,3.5778106066977754e-07,1.3213138109519505e-05,1.0027992136382056e-06,-3.7712142617555398e-06
2020-12-04 09:00:16,4.3195981267556745e-07,7.544320642694079e-07,8.417248138404271e-07,4.002582230887358e-07,3.513914294014531e-07,1.3402713493757643e-05,9.916889706385483e-07,-4.33335172234059e-06
2020-12-04 10:00:16,4.353881490679212e-07,7.604875490047929e-07,8.461795306495533e-07,3.988627161852854e-07,3.449093471293087e-07,1.3584942708930074e-05,9.793631195749105e-07,-5.021490608439863e-06
2020-12-04 11:00:16,4.350495883732796e-07,7.601629954866445e-07,8.517347730736749e-07,3.98710644970577e-07,3.3886209925584413e-07,1.3771346341005468e-05,9.688912521246506e-07,-5.856411026843568e-06
2020-12-04 12:00:16,4.3648484890473e-07,7.570505691019764e-07,8.558928592615526e-07,3.990810809217167e-07,3.333187278057392e-07,1.3961190275608748e-05,9.570429713216593e-07,-6.8971800926974274e-06
2020-12-04 13:00:16,4.3916687674001285e-07,7.507152710250465e-07,8.582307145525443e-07,3.9956552423436236e-07,3.2826510746939225e-07,1.4176595875318004e-05,9.455013686145656e-07,-8.335825366959175e-06
2020-12-04 14:00:16,4.475420287981862e-07,7.538892899526333e-07,8.617843083904001e-07,4.009257306528423e-07,3.233532271151539e-07,1.4384261265621522e-05,9.351472828699696e-07,-1.0338388976822665e-05
2020-12-04 15:00:16,4.5551180145702123e-07,7.606856808631956e-07,8.706295901632292e-07,4.039663940603532e-07,3.1854852134111175e-07,1.467005486945016e-05,9.26777409198865e-07,-1.3352205200517726e-05
2020-12-04 16:00:16,4.5937395406869396e-07,7.705003710314628e-07,8.84715709627131e-07,4.09394167405535e-07,3.143800204954541e-07,1.5004909065047194e-05,9.199390438605504e-07,-1.863332494755141e-05
2020-12-04 17:00:16,4.583996687703767e-07,7.758096696834736e-07,8.999544635480216e-07,4.168205561012289e-07,3.109953992600891e-07,1.5404211845173064e-05,9.151855648723222e-07,-3.391398029900715e-05
2020-12-04 18:00:16,4.5179882775264927e-07,7.737230550224385e-07,9.114334083305444e-07,4.246063387999996e-07,3.0857175719671645e-07,1.5767688985396333e-05,9.123237049228056e-07,-0.0004689357756033243
2020-12-04 19:00:16,4.450172100944737e-07,7.62120808337626e-07,9.15473078815662e-07,4.2963991160052124e-07,3.070449170665624e-07,1.616127367025681e-05,9.110128636815972e-07,4.1684134769007175e-05
2020-12-04 20:00:16,4.482608877911724e-07,7.428965893407989e-07,9.102629947865399e-07,4.3046029913780467e-07,3.056663500081797e-07,1.6521633904553096e-05,9.127118960883016e-07,1.729949155498766e-05
2020-12-04 21:00:16,4.537437874296348e-07,7.30517945624988e-07,9.014310914506525e-07,4.274425826111966e-07,3.03351536037811e-07,1.68672371404676e-05,9.123791911697215e-07,1.1165262713963374e-05
2020-12-04 22:00:16,4.6091577877027923e-07,7.229214399496766e-07,8.954222242436128e-07,4.2391003182183535e-07,2.989734443372855e-07,1.7002618059817014e-05,9.106227694704623e-07,8.016341232435377e-06
2020-12-04 23:00:16,4.7315621214039524e-07,7.18761703031282e-07,8.916543269769747e-07,4.2081295936882065e-07,2.927570135856091e-07,1.7051559679463988e-05,9.025132229950625e-07,6.336244699607106e-06
2020-12-05 00:00:16,4.77762986701927e-07,7.151980663775653e-07,8.916632184778802e-07,4.183388077816006e-07,2.8567233907790845e-07,1.699699372871026e-05,8.875436939684658e-07,5.245257832066624e-06
2020-12-05 01:00:16,4.884844078007624e-07,7.146691888166949e-07,8.940979594978565e-07,4.173954259527966e-07,2.782174999803578e-07,1.688343445047243e-05,8.66525630588103e-07,4.361764992259438e-06
2020-12-05 02:00:16,5.020627570817742e-07,7.179331225211307e-07,9.013896490177845e-07,4.1891753074465534e-07,2.7080505162923957e-07,1.6812171004942463e-05,8.403697383192017e-07,3.6809874619988244e-06
2020-12-05 03:00:16,5.170754187684586e-07,7.231834050408314e-07,9.143170268417225e-07,4.2254057578425573e-07,2.639992224161609e-07,1.6779813630758185e-05,8.114071019932499e-07,3.1410054756312544e-06
2020-12-05 04:00:16,5.347287475792397e-07,7.294824577030182e-07,9.316424409557495e-07,4.2884451533022044e-07,2.581252599584589e-07,1.6797563107146895e-05,7.812930950124468e-07,2.70329520337758e-06
2020-12-05 05:00:16,5.535881747492007e-07,7.364883576713246e-07,9.523011902379747e-07,4.382554109144853e-07,2.535637400875909e-07,1.6810747177328953e-05,7.520526200243567e-07,2.3627836978633228e-06
2020-12-05 06:00:16,5.749537864869898e-07,7.431313410341929e-07,9.750050744185552e-07,4.506522930520639e-07,2.506249994288293e-07,1.6948246946901185e-05,7.250230489666471e-07,2.092138266111098e-06
2020-12-05 07:00:16,5.914636037942004e-07,7.475144667593345e-07,9.97997490798715e-07,4.6528225518940114e-07,2.492927892067353e-07,1.7103640595834643e-05,7.026495446360763e-07,1.8781845468222843e-06
2020-12-05 08:00:16,6.076746903711119e-07,7.465668117482309e-07,1.018938199409149e-06,4.806100579976141e-07,2.4963674261907795e-07,1.7419354719981453e-05,6.859498664456764e-07,1.706812365848009e-06
2020-12-05 09:00:16,6.252040853444977e-07,7.439017698446738e-07,1.0361238904585713e-06,4.953497341222817e-07,2.5118196650776257e-07,1.791605984549164e-05,6.733690713761355e-07,1.557191025588771e-06
2020-12-05 10:00:16,6.388844750674381e-07,7.365483125182084e-07,1.048632389838692e-06,5.083230859113572e-07,2.534063106909968e-07,1.8498454826939418e-05,6.660866706721996e-07,1.432328531376816e-06
2020-12-05 11:00:16,6.560292508450314e-07,7.259214629121687e-07,1.0556071287947258e-06,5.191678636229037e-07,2.557394020248478e-07,1.910033069504927e-05,6.61100022840465e-07,1.3341358518302424e-06
2020-12-05 12:00:16,6.741950635593714e-07,7.133019372462408e-07,1.0576442995294362e-06,5.27341004279465e-07,2.577478974904418e-07,1.9630185074058943e-05,6.586028027229847e-07,1.247535743119481e-06
2020-12-05 13:00:16,6.957819420653162e-07,7.015946483075646e-07,1.056096243847032e-06,5.333293606994129e-07,2.590444857016867e-07,2.0117145019631405e-05,6.560390412884391e-07,1.169149104292006e-06
2020-12-05 14:00:16,7.199848649436303e-07,6.894587381222366e-07,1.0515122742863688e-06,5.370301600026943e-07,2.593752095468627e-07,2.0526486657319494e-05,6.524342158222914e-07,1.1020574182116506e-06
2020-12-05 15:00:16,7.537799499914562e-07,6.816403731978839e-07,1.046604860349497e-06,5.399593279984242e-07,2.587507984183719e-07,2.0699314534713538e-05,6.476946793640066e-07,1.0410139010118104e-06
2020-12-05 16:00:16,7.879706211193027e-07,6.774573229534913e-07,1.0462048310213032e-06,5.427754778257975e-07,2.572105097884612e-07,2.073803459383614e-05,6.411861098210066e-07,9.890239255394764e-07
2020-12-05 17:00:16,8.180167708622494e-07,6.732982664988296e-07,1.0495155373995368e-06,5.461704740909774e-07,2.5546749225802165e-07,2.0602952923801442e-05,6.320283912429374e-07,9.380507293192474e-07
2020-12-05 18:00:16,8.382744652200828e-07,6.659909313366693e-07,1.0526415202820562e-06,5.500570871908198e-07,2.536560371664272e-07,2.0734504904223084e-05,6.214527467446974e-07,8.865267311910772e-07
2020-12-05 19:00:16,8.573682287861759e-07,6.547796712810894e-07,1.0531838941493492e-06,5.529159660433321e-07,2.5232318863104997e-07,2.0892478936591398e-05,6.086820980324408e-07,8.352875149156822e-07
2020-12-05 20:00:16,8.791942277376255e-07,6.433799219915599e-07,1.0500171266735788e-06,5.540767802783299e-07,2.5121867245057435e-07,2.091395427485598e-05,5.957554084917362e-07,7.829175861207473e-07
2020-12-05 21:00:16,9.072692594677178e-07,6.332486634613015e-07,1.0452529903496348e-06,5.54080106088302e-07,2.502471148824265e-07,2.0997116046116295e-05,5.828913612809125e-07,7.40152697690942e-07
2020-12-05 22:00:16,9.325335914670591e-07,6.259483000205575e-07,1.0417976710786312e-06,5.53774028628131e-07,2.4913630381095443e-07,2.1024724162567504e-05,5.696787943460459e-07,6.96642023236792e-07
2020-12-05 23:00:16,9.697893711288776e-07,6.213715359539284e-07,1.04085724110358e-06,5.541774117871214e-07,2.479566091071604e-07,2.096288033285561e-05,5.573217936184268e-07,6.576570679795046e-07
2020-12-06 00:00:16,1.0147513134869077e-06,6.205487081990209e-07,1.044475567780166e-06,5.571523097120832e-07,2.470267492480358e-07,2.0889536531574793e-05,5.443767386667739e-07,6.20100055415525e-07
2020-12-06 01:00:16,1.0562800741390128e-06,6.207714821622236e-07,1.0529306094629652e-06,5.626922274179687e-07,2.4684401518966636e-07,2.084895446216828e-05,5.32000850562304e-07,5.875011752348663e-07
2020-12-06 02:00:16,1.0960211442702425e-06,6.217111018732931e-07,1.064302154994931e-06,5.702086175138875e-07,2.478791730624705e-07,2.0894424898022474e-05,5.206325332462817e-07,5.591489591289349e-07
2020-12-06 03:00:16,1.1409324857762724e-06,6.235341721992271e-07,1.0771293267275476e-06,5.807456571805634e-07,2.5036481185803554e-07,2.1151819688148935e-05,5.113970994773039e-07,5.324000033084801e-07
2020-12-06 04:00:16,1.180416124677515e-06,6.245244520198777e-07,1.0914957696131871e-06,5.938182402442247e-07,2.5466042195061885e-07,2.1469758526031974e-05,5.062584560169201e-07,5.121675659065159e-07
2020-12-06 05:00:16,1.2107473320911472e-06,6.233067956367637e-07,1.1055040147910807e-06,6.075225553731385e-07,2.6044352062388485e-07,2.2115391064860803e-05,5.058514440006626e-07,4.985704143730533e-07
2020-12-06 06:00:16,1.2353783473791349e-06,6.192446004172534e-07,1.1159676052464113e-06,6.209930379301713e-07,2.6759837384865323e-07,2.2930842792294208e-05,5.101411641311248e-07,4.918786442571615e-07
2020-12-06 07:00:16,1.2558291505171066e-06,6.131968503366187e-07,1.1210722592198258e-06,6.330801667674832e-07,2.7569157860910696e-07,2.4046999944395213e-05,5.192321857858648e-07,4.929567906059021e-07
2020-12-06 08:00:16,1.2711476686767341e-06,6.054714303928747e-07,1.121244005777924e-06,6.42391490530273e-07,2.8414517922258315e-07,2.491436716142424e-05,5.325382311737993e-07,4.993918049328921e-07
2020-12-06 09:00:16,1.2907338775120934e-06,5.962604581632032e-07,1.1169301514579728e-06,6.479451327723393e-07,2.918329857917379e-07,2.585772873089428e-05,5.475938965960883e-07,5.064792867819617e-07
2020-12-06 10:00:16,1.2878982261314232e-06,5.818946518327747e-07,1.107937897886546e-06,6.504612901317958e-07,2.980147611310445e-07,2.6632275405883674e-05,5.618020014394407e-07,5.139661346427334e-07
2020-12-06 11:00:16,1.2677020063318428e-06,5.60539669767345e-07,1.0898684466092179e-06,6.483643275377626e-07,3.026752348894e-07,2.7162960633852604e-05,5.742843498742981e-07,5.233549421804231e-07
2020-12-06 12:00:16,1.2536097048463632e-06,5.409027883895387e-07,1.0617288517655434e-06,6.402559228936492e-07,3.0642361895549627e-07,2.7557933711905547e-05,5.857682113661072e-07,5.413889718324317e-07
2020-12-06 13:00:16,1.268477678591955e-06,5.326726933912084e-07,1.0366662471495841e-06,6.295213402873383e-07,3.0882087097559986e-07,2.7750206762786658e-05,5.955908954715914e-07,5.578172009261128e-07
2020-12-06 14:00:16,1.2766398195781636e-06,5.288197897225711e-07,1.0202695843918664e-06,6.208595155133824e-07,3.0981130125961703e-07,2.7743039589290442e-05,6.023548470429712e-07,5.758738003588739e-07
2020-12-06 15:00:16,1.2869405117071512e-06,5.287311491443066e-07,1.0117622745831616e-06,6.151317714586427e-07,3.1006571517152083e-07,2.7739102017834017e-05,6.059124334712319e-07,5.953320453752172e-07
2020-12-06 16:00:16,1.2961462747479126e-06,5.310631582193932e-07,1.0111004221805216e-06,6.134838244361213e-07,3.1067111444072684e-07,2.7526536007456858e-05,6.078289222109955e-07,6.164823109168008e-07
2020-12-06 17:00:16,1.2955288576638158e-06,5.331051310640225e-07,1.016307265303393e-06,6.1625397394392e-07,3.122972624573247e-07,2.7636146076893116e-05,6.093978118834141e-07,6.406311802175351e-07
2020-12-06 18:00:16,1.2842555141922772e-06,5.325838493511754e-07,1.0225908656454547e-06,6.21805667248094e-07,3.1579714246406295e-07,2.799810803056222e-05,6.112522323978502e-07,6.640468015433399e-07
2020-12-06 19:00:16,1.2580959802999315e-06,5.290681209787444e-07,1.0265393670772899e-06,6.289562608825954e-07,3.215765974702114e-07,2.8442656677622452e-05,6.173708281708663e-07,6.983994707704576e-07
2020-12-06 20:00:16,1.2287924267630116e-06,5.225617720971431e-07,1.0269765803769386e-06,6.362881293622428e-07,3.296309140101557e-07,2.9003772458968884e-05,6.319349906002491e-07,7.611387407191904e-07
2020-12-06 21:00:16,1.1960550700456893e-06,5.144729465580461e-07,1.0228593508966514e-06,6.416494549833421e-07,3.387848434324348e-07,2.9888639264526293e-05,6.515622297943727e-07,8.45983012264759e-07
2020-12-06 22:00:16,1.1832835754000918e-06,5.042433058186903e-07,1.013811515090965e-06,6.439461740735497e-07,3.477460161475169e-07,3.10043702889707e-05,6.751617831970046e-07,9.414000184777925e-07
2020-12-06 23:00:16,1.1740852470722073e-06,4.95428500802593e-07,1.0013894239091488e-06,6.436565196000969e-07,3.558311484118542e-07,3.1900888813450224e-05,6.999950048916403e-07,1.055389934775257e-06
2020-12-07 00:00:16,1.1653660134439316e-06,4.886842668867991e-07,9.892541515375246e-07,6.421806595478332e-07,3.6256115768586884e-07,3.2615441928369095e-05,7.251743138073579e-07,1.2019550379958945e-06
2020-12-07 01:00:16,1.1562895147022362e-06,4.842253101010461e-07,9.79600233078169e-07,6.404265994739178e-07,3.681188948141044e-07,3.310972721726954e-05,7.515759321045266e-07,1.4032028345581042e-06
2020-12-07 02:00:16,1.1366910981889743e-06,4.796178310319133e-07,9.726522853187112e-07,6.390621024383837e-07,3.730805669755537e-07,3.3508176793753335e-05,7.778356567693687e-07,1.6711844101635857e-06
2020-12-07 03:00:16,1.110543668787103e-06,4.743246499053288e-07,9.654920927442629e-07,6.373874261038771e-07,3.78088777809664e-07,3.367351498956251e-05,8.023730502797654e-07,2.036947545112676e-06
2020-12-07 04:00:16,1.083716404964978e-06,4.6891839371976946e-07,9.570506972268802e-07,6.363327993752418e-07,3.83109560998138e-07,3.3838817343490215e-05,8.285655269657949e-07,2.574196637301536e-06
2020-12-07 05:00:16,1.0548059488912923e-06,4.6400866605127293e-07,9.47772245479998e-07,6.34476584517785e-07,3.881803257471096e-07,3.397160402750853e-05,8.539269054002028e-07,3.2944949829977186e-06
2020-12-07 06:00:16,1.0298026400220903e-06,4.5996819385195746e-07,9.385528404193522e-07,6.317531947990035e-07,3.9301909297239043e-07,3.390122431356907e-05,8.784799658982837e-07,4.191948183669282e-06
2020-12-07 07:00:16,1.0053196194842937e-06,4.5637478765299115e-07,9.299299970640079e-07,6.288254615445937e-07,3.972944175488408e-07,3.3883999271605946e-05,9.029384082960627e-07,5.727065106554171e-06
2020-12-07 08:00:16,9.917204127662954e-07,4.539500861146721e-07,9.224539345034642e-07,6.254266840039498e-07,4.008840570431297e-07,3.3888077902328954e-05,9.241438715764535e-07,7.505404644350165e-06
2020-12-07 09:00:16,9.770200791800813e-07,4.5138657869028706e-07,9.163665149477242e-07,6.225487036144751e-07,4.0396320914277367e-07,3.3758999218225324e-05,9.449522039109828e-07,1.0374272505584435e-05
2020-12-07 10:00:16,9.650070450030397e-07,4.491536909380165e-07,9.106962938605909e-07,6.201146536562349e-07,4.0642948427722684e-07,3.372480939234552e-05,9.658337133725926e-07,1.5813402848317536e-05
2020-12-07 11:00:16,9.566886779149123e-07,4.468500926035602e-07,9.057882729487475e-07,6.178423039537792e-07,4.0857366565110996e-07,3.368397974774605e-05,9.852017688591908e-07,2.605494292416114e-05
2020-12-07 12:00:16,9.385626651165922e-07,4.4510212773637563e-07,9.013970630364809e-07,6.148815655114164e-07,4.1043736401041293e-07,3.37307238441071e-05,1.0046824546925036e-06,5.799703559829996e-05
2020-12-07 13:00:16,9.283623722015973e-07,4.412218780989386e-07,8.963960577328281e-07,6.125746549428357e-07,4.118007344368636e-07,3.369242149802075e-05,1.0208831168919039e-06,0.00017989055852548965
2020-12-07 14:00:16,9.314595266151776e-07,4.386865217224054e-07,8.895788009441967e-07,6.10309915402239e-07,4.1230985780076025e-07,3.3664384111684484e-05,1.0362573217614106e-06,-0.0001865256390038194
2020-12-07 15:00:16,9.302124059897901e-07,4.4024208016241894e-07,8.869090572134825e-07,6.085939322140812e-07,4.1264554524057013e-07,3.349091335391509e-05,1.051500753519041e-06,-4.8636873275662415e-05
2020-12-07 16:00:16,9.20681133672836e-07,4.403835080457451e-07,8.894812117290905e-07,6.105458028472573e-07,4.1350222832653176e-07,3.328632169650104e-05,1.0667044877920516e-06,-2.7160219007522435e-05
2020-12-07 17:00:16,9.045524878502435e-07,4.3841647454027853e-07,8.913792295090881e-07,6.134302729339144e-07,4.149955530212459e-07,3.327907445889204e-05,1.080881182062921e-06,-2.686215334165154e-05
2020-12-07 18:00:16,8.87427704474456e-07,4.334181162273626e-07,8.889980808840528e-07,6.153863206797291e-07,4.17140353241038e-07,3.3460826061398695e-05,1.094393600578401e-06,-3.0818998881714764e-05
2020-12-07 19:00:16,8.748674956901522e-07,4.2826512819679367e-07,8.814661325778861e-07,6.143007298498916e-07,4.200440764046944e-07,3.378186851550028e-05,1.1098485825040358e-06,-4.379132901686573e-05
2020-12-07 20:00:16,8.645571161459908e-07,4.22330384803086e-07,8.713415701980353e-07,6.103805816305291e-07,4.2181932842240427e-07,3.3761098802867523e-05,1.1261426160148672e-06,-7.320369180151863e-05
2020-12-07 21:00:16,8.600493763425214e-07,4.175713584252985e-07,8.596095933097182e-07,6.046720996164312e-07,4.2199571571407626e-07,3.357807779534979e-05,1.1432670616582231e-06,-0.00028996294105036887
2020-12-07 22:00:16,8.580285241528834e-07,4.132060026488425e-07,8.486339693244333e-07,5.978859337647825e-07,4.2048259850148116e-07,3.312390846875865e-05,1.1570967918474112e-06,0.00025533111808649986
2020-12-07 23:00:16,8.585931123179272e-07,4.1026455803391847e-07,8.388084443217291e-07,5.908118249159567e-07,4.1753881883645617e-07,3.2639953449038095e-05,1.1644806407333284e-06,7.204964729029401e-05
2020-12-08 00:00:16,8.553664656965352e-07,4.083989422910393e-07,8.31496235737282e-07,5.844675729650772e-07,4.1365292803894703e-07,3.2190536638587275e-05,1.1662586128289604e-06,3.7563332882095254e-05
2020-12-08 01:00:16,8.582487349108523e-07,4.0724819948049694e-07,8.260650735192944e-07,5.791035592531421e-07,4.0906371418330355e-07,3.1781229437460566e-05,1.1632018924697725e-06,2.4105776407575557e-05
2020-12-08 02:00:16,8.654243999570325e-07,4.0695183697979463e-07,8.221230988430379e-07,5.754347612143188e-07,4.043536835614295e-07,3.1524375086077905e-05,1.1554993590230623e-06,1.757041476230968e-05
2020-12-08 03:00:16,8.724105258892329e-07,4.067971510239858e-07,8.20105296686635e-07,5.728990747004699e-07,4.0007248494884977e-07,3.124284694696603e-05,1.1459627355896e-06,1.2808939462277952e-05
2020-12-08 04:00:16,8.815061636271031e-07,4.0742896684654204e-07,8.192656007543397e-07,5.709495556714369e-07,3.959481911087946e-07,3.106939725055446e-05,1.134374063667599e-06,9.885641789997541e-06
2020-12-08 05:00:16,8.926736238829597e-07,4.086668310811406e-07,8.195778185435583e-07,5.701805530816489e-07,3.923608245948707e-07,3.100439745120989e-05,1.1232950191507189e-06,8.21431203086255e-06
2020-12-08 06:00:16,9.008359720677408e-07,4.1047131319539234e-07,8.207263115249966e-07,5.70501762735605e-07,3.891144823925701e-07,3.102595512276871e-05,1.1147876284821874e-06,7.017537076400636e-06
2020-12-08 07:00:16,9.160518356257316e-07,4.1270511129216384e-07,8.227788003320157e-07,5.713393460178898e-07,3.8606234145868727e-07,3.125346720027635e-05,1.105111581919677e-06,6.025806987505998e-06
2020-12-08 08:00:16,9.237216697031229e-07,4.1534608639162395e-07,8.26103916644799e-07,5.732014790292016e-07,3.833827823126984e-07,3.139539626857166e-05,1.097035388159916e-06,5.240025375324095e-06
2020-12-08 09:00:16,9.13485119305806e-07,4.1544298918784884e-07,8.286421253338267e-07,5.75517587812351e-07,3.813640711469711e-07,3.1510628834429855e-05,1.0939076664424429e-06,4.860603512066226e-06
2020-12-08 10:00:16,9.230107062180648e-07,4.144547273086841e-07,8.279675308520273e-07,5.768726902663199e-07,3.796675949939593e-07,3.1786174660392496e-05,1.0898799371569974e-06,4.470011645846593e-06
2020-12-08 11:00:16,9.57815784282559e-07,4.1626823059623035e-07,8.27790103715802e-07,5.781692860492934e-07,3.7792290576519235e-07,3.2000787298922004e-05,1.0845541113426448e-06,4.06047057229438e-06
2020-12-08 12:00:16,9.846074352455975e-07,4.1788116445167494e-07,8.292138390317765e-07,5.801715524095698e-07,3.760787523614487e-07,3.2227415369283824e-05,1.079784704644513e-06,3.7197982464759585e-06
2020-12-08 13:00:16,1.0076938546692361e-06,4.1862560703261806e-07,8.308974852975725e-07,5.825941313698671e-07,3.7430747085011117e-07,3.255222065909469e-05,1.0743782449171426e-06,3.4001211776630425e-06
2020-12-08 14:00:16,1.0237239833077007e-06,4.1649353385970244e-07,8.29984884966737e-07,5.834637981055657e-07,3.7253379118514716e-07,3.3069830577097176e-05,1.067107751176474e-06,3.110147145110269e-06
2020-12-08 15:00:16,1.0448725917017062e-06,4.15031911155231e-07,8.262977041328047e-07,5.831910171943884e-07,3.7055576005251565e-07,3.31096601270082e-05,1.0606728209478141e-06,2.849315757144046e-06
2020-12-08 16:00:16,1.0764260695120617e-06,4.1459275849363477e-07,8.211954851008906e-07,5.814912065379291e-07,3.67618475418142e-07,3.305809413584785e-05,1.0535784351566433e-06,2.617324030864216e-06
2020-12-08 17:00:16,1.1092359336615305e-06,4.161184204922266e-07,8.173580592438844e-07,5.792740924488621e-07,3.6353269420151867e-07,3.279808739151508e-05,1.0450926116701186e-06,2.3968654511709567e-06
2020-12-08 18:00:16,1.1422049553681566e-06,4.178354933094203e-07,8.157763440326949e-07,5.767414350602031e-07,3.585185936153771e-07,3.269120006623974e-05,1.0308006945972134e-06,2.1843898326941267e-06
2020-12-08 19:00:16,1.1761582672496312e-06,4.1943773840277666e-07,8.150541572503298e-07,5.741911495440428e-07,3.5335978352596907e-07,3.2645561768718285e-05,1.01306569850734e-06,1.974348586681539e-06
2020-12-08 20:00:16,1.1815370153946913e-06,4.229464054194687e-07,8.159813001048844e-07,5.724631553173892e-07,3.479407205577613e-07,3.276707254063587e-05,9.942472626459453e-07,1.8338416516041258e-06
2020-12-08 21:00:16,1.18970420763454e-06,4.2589118360910374e-07,8.181008338691113e-07,5.721183146878151e-07,3.426640974211184e-07,3.293716115885e-05,9.772760926513582e-07,1.7211828620754715e-06
2020-12-08 22:00:16,1.2058463004940152e-06,4.29126975543188e-07,8.209900440678499e-07,5.723549062044336e-07,3.380107932099781e-07,3.318387174361893e-05,9.60154808377297e-07,1.6094020678147159e-06
2020-12-08 23:00:16,1.2157616033372445e-06,4.313821746399415e-07,8.231662695440975e-07,5.721851949239656e-07,3.3365571584318165e-07,3.3486088946842124e-05,9.416608460767864e-07,1.5001359144433733e-06
2020-12-09 00:00:16,1.2702251121241763e-06,4.3483890264880165e-07,8.244939103569713e-07,5.71645969891544e-07,3.2931817070719894e-07,3.382671939807788e-05,9.239011759921642e-07,1.3928765013120703e-06
2020-12-09 01:00:16,1.3307773302764364e-06,4.405618069748609e-07,8.279044416746707e-07,5.717259733344221e-07,3.248369155605449e-07,3.420309931509784e-05,9.057555092424908e-07,1.2988293246876053e-06
2020-12-09 02:00:16,1.4008487593337504e-06,4.4803301777874844e-07,8.346514591024275e-07,5.73351628653048e-07,3.204227116198882e-07,3.445767492120405e-05,8.88197139746318e-07,1.217080620637934e-06
2020-12-09 03:00:16,1.4713740375003813e-06,4.574405495967569e-07,8.456716135226236e-07,5.777662916379123e-07,3.1633929341707766e-07,3.4733268163028324e-05,8.719652815943407e-07,1.1485311388702634e-06
2020-12-09 04:00:16,1.5260891086853273e-06,4.6542041508615195e-07,8.607357941179798e-07,5.855463277007789e-07,3.130378557223179e-07,3.5049661228055074e-05,8.577713471005862e-07,1.0902843341298024e-06
2020-12-09 05:00:16,1.5809620167993904e-06,4.703250160357663e-07,8.746159128593672e-07,5.948738309572526e-07,3.1092438994163765e-07,3.5636991581241774e-05,8.451935398498171e-07,1.034327789943834e-06
2020-12-09 06:00:16,1.604721941924939e-06,4.733387884102005e-07,8.842476554539335e-07,6.038834930832459e-07,3.098549978112452e-07,3.631677751780108e-05,8.361537970071491e-07,9.921675582052554e-07
2020-12-09 07:00:16,1.6376338702651283e-06,4.7306939505170937e-07,8.899290759495815e-07,6.109687997324701e-07,3.095962719605563e-07,3.7077020349847876e-05,8.312753350449424e-07,9.57225624987246e-07
2020-12-09 08:00:16,1.6757686040580522e-06,4.7052319491190874e-07,8.901585482902764e-07,6.148231234902817e-07,3.092322932860895e-07,3.80173456970275e-05,8.277172493526875e-07,9.257163259071887e-07
2020-12-09 09:00:16,1.6997096261412878e-06,4.6642647047109504e-07,8.849456326299659e-07,6.151280271911008e-07,3.0839750091870164e-07,3.870653623860145e-05,8.276691628344553e-07,9.039650565820314e-07
2020-12-09 10:00:16,1.7510236558582553e-06,4.627844580986914e-07,8.757262179381579e-07,6.113969306648069e-07,3.0654818739329353e-07,3.9526588881965286e-05,8.269097253343114e-07,8.873350328522883e-07
2020-12-09 11:00:16,1.7971451268929846e-06,4.60671003334788e-07,8.649106939052039e-07,6.041145365865114e-07,3.035841762307991e-07,3.9988712276576374e-05,8.262480556968844e-07,8.743593513923238e-07
2020-12-09 12:00:16,1.8573916487907474e-06,4.608568325017813e-07,8.551372615046876e-07,5.950034464863688e-07,2.991603738710579e-07,4.0287785618414164e-05,8.231568769308135e-07,8.607146135867499e-07
2020-12-09 13:00:16,1.9289379208484756e-06,4.6322899390556266e-07,8.489561699994259e-07,5.865588880717919e-07,2.9328265324812076e-07,4.038119041064258e-05,8.150525024864107e-07,8.381100154082085e-07
2020-12-09 14:00:16,2.036988890854447e-06,4.6930838116400545e-07,8.481595007829364e-07,5.82418908194865e-07,2.865743586077167e-07,3.999516365522109e-05,8.01875408573485e-07,8.120867067950194e-07
2020-12-09 15:00:16,2.1035004530226028e-06,4.7657899357573014e-07,8.544115198795273e-07,5.810117909242839e-07,2.800388788588416e-07,3.993755985237222e-05,7.848218636908934e-07,7.867050768645521e-07
2020-12-09 16:00:16,2.1183759515807512e-06,4.838650965383096e-07,8.649121959857522e-07,5.831402951130025e-07,2.745277155645076e-07,4.009635504025453e-05,7.657759287372266e-07,7.608454278023464e-07
2020-12-09 17:00:16,2.061461701006096e-06,4.89457891971665e-07,8.766610461833624e-07,5.885617368967218e-07,2.7056970024314646e-07,4.0729059696677874e-05,7.468387925895434e-07,7.365347765321942e-07
2020-12-09 18:00:16,1.9988520091786464e-06,4.930688123540084e-07,8.86635434479433e-07,5.950176786984901e-07,2.683647864521859e-07,4.141638041650413e-05,7.30126103427037e-07,7.172613446151228e-07
2020-12-09 19:00:16,1.974091045363922e-06,4.967334272082679e-07,8.939031568890784e-07,6.011058399347192e-07,2.678135512454955e-07,4.246980077098135e-05,7.167665218265348e-07,7.01989261585887e-07
2020-12-09 20:00:16,1.9378028313601043e-06,5.006869450771388e-07,8.996779940189821e-07,6.069490047406409e-07,2.682309115635526e-07,4.4117670806101954e-05,7.087151037836668e-07,7.012741112510211e-07
2020-12-09 21:00:16,1.9007306360686002e-06,5.045540147604438e-07,9.050411086821894e-07,6.128879515905861e-07,2.6940165861362153e-07,4.5206279915510774e-05,7.086640980530055e-07,7.040490495124429e-07
2020-12-09 22:00:16,1.7891547396476221e-06,5.072166253518664e-07,9.094775989264037e-07,6.190173586623835e-07,2.709516477921321e-07,4.652024658894049e-05,7.119569074395151e-07,7.173505378724103e-07
2020-12-09 23:00:16,1.6132401468691039e-06,5.070868204515528e-07,9.105311297066005e-07,6.242633599219423e-07,2.728946841820088e-07,4.791712604148207e-05,7.17905514423866e-07,7.348623797609129e-07
